HE_Acc_X__mean,HE_Acc_X__std,HE_Acc_X__rms,HE_Acc_X__dom_freq_hz,HE_Acc_X__spec_centroid_hz,HE_Acc_X__spec_power,HE_Acc_Y__mean,HE_Acc_Y__std,HE_Acc_Y__rms,HE_Acc_Y__dom_freq_hz,HE_Acc_Y__spec_centroid_hz,HE_Acc_Y__spec_power,HE_Acc_Z__mean,HE_Acc_Z__std,HE_Acc_Z__rms,HE_Acc_Z__dom_freq_hz,HE_Acc_Z__spec_centroid_hz,HE_Acc_Z__spec_power,HE_FreeAcc_X__mean,HE_FreeAcc_X__std,HE_FreeAcc_X__rms,HE_FreeAcc_X__dom_freq_hz,HE_FreeAcc_X__spec_centroid_hz,HE_FreeAcc_X__spec_power,HE_FreeAcc_Y__mean,HE_FreeAcc_Y__std,HE_FreeAcc_Y__rms,HE_FreeAcc_Y__dom_freq_hz,HE_FreeAcc_Y__spec_centroid_hz,HE_FreeAcc_Y__spec_power,HE_FreeAcc_Z__mean,HE_FreeAcc_Z__std,HE_FreeAcc_Z__rms,HE_FreeAcc_Z__dom_freq_hz,HE_FreeAcc_Z__spec_centroid_hz,HE_FreeAcc_Z__spec_power,HE_Gyr_X__mean,HE_Gyr_X__std,HE_Gyr_X__rms,HE_Gyr_X__dom_freq_hz,HE_Gyr_X__spec_centroid_hz,HE_Gyr_X__spec_power,HE_Gyr_Y__mean,HE_Gyr_Y__std,HE_Gyr_Y__rms,HE_Gyr_Y__dom_freq_hz,HE_Gyr_Y__spec_centroid_hz,HE_Gyr_Y__spec_power,HE_Gyr_Z__mean,HE_Gyr_Z__std,HE_Gyr_Z__rms,HE_Gyr_Z__dom_freq_hz,HE_Gyr_Z__spec_centroid_hz,HE_Gyr_Z__spec_power,LB_Acc_X__mean,LB_Acc_X__std,LB_Acc_X__rms,LB_Acc_X__dom_freq_hz,LB_Acc_X__spec_centroid_hz,LB_Acc_X__spec_power,LB_Acc_Y__mean,LB_Acc_Y__std,LB_Acc_Y__rms,LB_Acc_Y__dom_freq_hz,LB_Acc_Y__spec_centroid_hz,LB_Acc_Y__spec_power,LB_Acc_Z__mean,LB_Acc_Z__std,LB_Acc_Z__rms,LB_Acc_Z__dom_freq_hz,LB_Acc_Z__spec_centroid_hz,LB_Acc_Z__spec_power,LB_FreeAcc_X__mean,LB_FreeAcc_X__std,LB_FreeAcc_X__rms,LB_FreeAcc_X__dom_freq_hz,LB_FreeAcc_X__spec_centroid_hz,LB_FreeAcc_X__spec_power,LB_FreeAcc_Y__mean,LB_FreeAcc_Y__std,LB_FreeAcc_Y__rms,LB_FreeAcc_Y__dom_freq_hz,LB_FreeAcc_Y__spec_centroid_hz,LB_FreeAcc_Y__spec_power,LB_FreeAcc_Z__mean,LB_FreeAcc_Z__std,LB_FreeAcc_Z__rms,LB_FreeAcc_Z__dom_freq_hz,LB_FreeAcc_Z__spec_centroid_hz,LB_FreeAcc_Z__spec_power,LB_Gyr_X__mean,LB_Gyr_X__std,LB_Gyr_X__rms,LB_Gyr_X__dom_freq_hz,LB_Gyr_X__spec_centroid_hz,LB_Gyr_X__spec_power,LB_Gyr_Y__mean,LB_Gyr_Y__std,LB_Gyr_Y__rms,LB_Gyr_Y__dom_freq_hz,LB_Gyr_Y__spec_centroid_hz,LB_Gyr_Y__spec_power,LB_Gyr_Z__mean,LB_Gyr_Z__std,LB_Gyr_Z__rms,LB_Gyr_Z__dom_freq_hz,LB_Gyr_Z__spec_centroid_hz,LB_Gyr_Z__spec_power,LF_Acc_X__mean,LF_Acc_X__std,LF_Acc_X__rms,LF_Acc_X__dom_freq_hz,LF_Acc_X__spec_centroid_hz,LF_Acc_X__spec_power,LF_Acc_Y__mean,LF_Acc_Y__std,LF_Acc_Y__rms,LF_Acc_Y__dom_freq_hz,LF_Acc_Y__spec_centroid_hz,LF_Acc_Y__spec_power,LF_Acc_Z__mean,LF_Acc_Z__std,LF_Acc_Z__rms,LF_Acc_Z__dom_freq_hz,LF_Acc_Z__spec_centroid_hz,LF_Acc_Z__spec_power,LF_FreeAcc_X__mean,LF_FreeAcc_X__std,LF_FreeAcc_X__rms,LF_FreeAcc_X__dom_freq_hz,LF_FreeAcc_X__spec_centroid_hz,LF_FreeAcc_X__spec_power,LF_FreeAcc_Y__mean,LF_FreeAcc_Y__std,LF_FreeAcc_Y__rms,LF_FreeAcc_Y__dom_freq_hz,LF_FreeAcc_Y__spec_centroid_hz,LF_FreeAcc_Y__spec_power,LF_FreeAcc_Z__mean,LF_FreeAcc_Z__std,LF_FreeAcc_Z__rms,LF_FreeAcc_Z__dom_freq_hz,LF_FreeAcc_Z__spec_centroid_hz,LF_FreeAcc_Z__spec_power,LF_Gyr_X__mean,LF_Gyr_X__std,LF_Gyr_X__rms,LF_Gyr_X__dom_freq_hz,LF_Gyr_X__spec_centroid_hz,LF_Gyr_X__spec_power,LF_Gyr_Y__mean,LF_Gyr_Y__std,LF_Gyr_Y__rms,LF_Gyr_Y__dom_freq_hz,LF_Gyr_Y__spec_centroid_hz,LF_Gyr_Y__spec_power,LF_Gyr_Z__mean,LF_Gyr_Z__std,LF_Gyr_Z__rms,LF_Gyr_Z__dom_freq_hz,LF_Gyr_Z__spec_centroid_hz,LF_Gyr_Z__spec_power,RF_Acc_X__mean,RF_Acc_X__std,RF_Acc_X__rms,RF_Acc_X__dom_freq_hz,RF_Acc_X__spec_centroid_hz,RF_Acc_X__spec_power,RF_Acc_Y__mean,RF_Acc_Y__std,RF_Acc_Y__rms,RF_Acc_Y__dom_freq_hz,RF_Acc_Y__spec_centroid_hz,RF_Acc_Y__spec_power,RF_Acc_Z__mean,RF_Acc_Z__std,RF_Acc_Z__rms,RF_Acc_Z__dom_freq_hz,RF_Acc_Z__spec_centroid_hz,RF_Acc_Z__spec_power,RF_FreeAcc_X__mean,RF_FreeAcc_X__std,RF_FreeAcc_X__rms,RF_FreeAcc_X__dom_freq_hz,RF_FreeAcc_X__spec_centroid_hz,RF_FreeAcc_X__spec_power,RF_FreeAcc_Y__mean,RF_FreeAcc_Y__std,RF_FreeAcc_Y__rms,RF_FreeAcc_Y__dom_freq_hz,RF_FreeAcc_Y__spec_centroid_hz,RF_FreeAcc_Y__spec_power,RF_FreeAcc_Z__mean,RF_FreeAcc_Z__std,RF_FreeAcc_Z__rms,RF_FreeAcc_Z__dom_freq_hz,RF_FreeAcc_Z__spec_centroid_hz,RF_FreeAcc_Z__spec_power,RF_Gyr_X__mean,RF_Gyr_X__std,RF_Gyr_X__rms,RF_Gyr_X__dom_freq_hz,RF_Gyr_X__spec_centroid_hz,RF_Gyr_X__spec_power,RF_Gyr_Y__mean,RF_Gyr_Y__std,RF_Gyr_Y__rms,RF_Gyr_Y__dom_freq_hz,RF_Gyr_Y__spec_centroid_hz,RF_Gyr_Y__spec_power,RF_Gyr_Z__mean,RF_Gyr_Z__std,RF_Gyr_Z__rms,RF_Gyr_Z__dom_freq_hz,RF_Gyr_Z__spec_centroid_hz,RF_Gyr_Z__spec_power,duration_s,trial_id,subject_id,label,phase,win_s,overlap
9.562202293420508,0.8579011152372916,9.60060972146154,2.34375,3.249168439890399,24117.189582872197,-1.5250972430055358,1.7161627904161794,2.2958955385278603,1.171875,1.6368310392418763,96510.32982119112,0.5355101844197695,1.4641944328602974,1.5590498692589612,0.390625,1.0143753966785907,70250.59647641472,-1.672606073005536,1.7161627904161778,2.3964193703657215,1.171875,1.636831039241871,96510.32982119096,0.05408653157943922,0.8579011152372867,0.859604372036156,2.34375,3.2491684398903447,24117.189582871928,-0.9796898305802194,1.4641944328602974,1.7617200405743776,0.390625,1.0143753966785953,70250.59647641472,1.0784928748756004,1.3356107777795236,1.7166837305917073,0.390625,0.9827051694440355,58453.66346368556,-0.19351565503315732,0.2548593660855193,0.3200025081533342,2.734375,3.0235448420826168,2128.4221675942977,0.06684768751138659,0.2195694083097717,0.2295197995623106,1.171875,1.5730285746528818,1579.786152383885,9.859956212075977,0.5391587288295501,9.874686255214833,3.125,4.0390394538658265,9525.401461475694,0.0038994059758652305,0.7699502014866462,0.7699600756768442,1.5625,3.0362765506003604,19425.68507379398,1.7108494307450322,0.6471815676399352,1.8291664101916711,1.5625,1.945469548242698,13724.689140025335,-0.00020773542396939487,0.5391587288295602,0.5391587688493191,3.125,4.039039453865744,9525.40146147605,0.040560713475866796,0.7699502014866448,0.7710178235598684,1.5625,3.0362765506003555,19425.685073793913,0.2732842407450402,0.6471815676399341,0.7025156636919035,1.5625,1.945469548242673,13724.689140025293,0.9069043529035212,0.9173493874001878,1.2899633343156909,0.390625,0.7013568975841861,27575.285965761526,0.10363975805622488,0.16691615101815102,0.19647442815966412,1.5625,1.7903277709458691,912.9577468671678,0.2028056009836466,0.3062016356892808,0.36727313200005407,0.390625,1.4988051976006074,3072.3887317706467,7.018153515277448,4.351481696420844,8.257715889898781,1.171875,4.3715976401184715,620476.6941432304,1.569811031137954,3.2444608927318828,3.604279839017633,1.171875,4.034340127178276,344933.3063544436,7.370375914691113,2.564565507559951,7.803809157483613,1.5625,3.5991483423586237,215517.91621113263,1.9104752052774963,4.351481696420858,4.752400284515798,1.171875,4.37159764011843,620476.6941432345,0.22314154113795948,3.2444608927318854,3.2521252484872116,1.171875,4.034340127178255,344933.3063544441,-1.2640689853088403,2.56456550755995,2.8591723701424407,1.5625,3.5991483423586144,215517.91621113245,0.5496611245899774,1.1632502797316493,1.2865762959036977,0.390625,2.0792156612729222,44340.2534152857,0.4043566380551386,1.1660498634722523,1.234170399435553,1.5625,2.574883862558223,44555.21094639525,0.7499014384738842,2.357274055782417,2.473680080667281,0.78125,1.4171839945724949,182083.29112043697,6.062557238739524,1.0661604245310496,6.155590818421025,5.859375,4.859924106857521,37247.5340624463,-0.20304883780557828,1.8914514439068477,1.902318952013961,0.390625,4.650678573369338,117230.42298808797,8.251816787787625,0.8927966473151094,8.299973864577574,2.34375,3.4046812319352333,26118.96935664042,1.1022593137395422,1.0661604245310436,1.5335167575092818,5.859375,4.859924106857543,37247.534062445884,-0.03383167780558047,1.891451443906844,1.8917539869339315,0.390625,4.650678573369256,117230.42298808749,-0.6139874572123157,0.8927966473151018,1.0835434698576387,2.34375,3.404681231935227,26118.969356639973,0.6306896642051878,1.5412854810978087,1.6653319148980952,1.5625,2.097387161093734,77843.01094016504,0.0045636115864588975,0.7441660676923245,0.7441800607751927,3.125,4.0222910606672535,18147.781361983092,0.5672672079556361,1.6587613434399802,1.7530776593501471,1.171875,2.607307742603353,90162.02502489089,2.56,HS_10_1,HS_10,healthy,uturn,2.56,0.5
9.771403842581773,0.5987105676020453,9.789728668281883,1.953125,2.8987056614469204,11745.833631951791,-0.45024111441767,0.9178641366316016,1.0223461421781475,0.390625,0.969910072185803,27606.23661534289,0.7720422102716362,0.47621362646858717,0.9070989981669456,0.78125,1.4833898291153258,7431.236251998164,0.6212937605823243,0.9178641366316024,1.1083684000606493,0.390625,0.9699100721858053,27606.236615342947,-0.18814665258181984,0.5987105676020663,0.627577490542907,1.953125,2.8987056614469533,11745.833631952619,-0.9437807547283537,0.47621362646858784,1.0571194497453844,0.78125,1.4833898291153393,7431.236251998184,1.0066237591042906,0.6338074652220016,1.1895391104811945,0.390625,0.748599243528484,13163.315369856531,-0.019129566585580866,0.1921863452792441,0.19313604435616105,1.5625,1.753892793146974,1210.3080408087574,0.06437192425275766,0.16150945351822565,0.1738650287083595,0.390625,1.2403469963732328,854.7668716784531,9.839807462290816,0.6295343746844918,9.85992517333998,2.34375,3.4591108542558597,12986.495942801053,0.10690131843528267,0.9374750351055693,0.9435503872763712,0.390625,2.2376333437427003,28799.12123804322,1.8505684731785912,0.869156943309168,2.0445139926214932,1.171875,2.002395597724512,24754.67672401884,-0.07413674770912704,0.6295343746844958,0.6338846789994894,2.34375,3.4591108542559423,12986.495942801215,-0.11288665656471658,0.9374750351055672,0.9442472338728585,0.390625,2.237633343742709,28799.121238043088,0.6760225831785982,0.8691569433091687,1.1011086799539826,1.171875,2.0023955977245005,24754.676724018875,0.9248520537610226,0.8628072281372617,1.2648271163569693,0.390625,0.680546655411181,24393.689101960823,0.07032734384228154,0.20020785690918239,0.2122006627229947,1.171875,1.515266095854906,1313.4569042000894,0.16200950283816812,0.2122898860556654,0.2670469522975273,0.390625,1.2366531136343186,1476.7734064723302,6.843610864442421,2.516531725267258,7.291635042169276,0.78125,3.2653624232802896,207523.90632474376,1.880862566082791,1.8508308627151113,2.638791176821369,1.5625,3.8116344098542636,112255.19545570562,7.5175021291818815,1.497381086737361,7.66518025757861,0.78125,5.2262637263375815,73475.74234813546,1.3488393894424493,2.516531725267262,2.8552232176816057,0.78125,3.2653624232802323,207523.9063247444,-0.4207073539171954,1.85083086271512,1.8980436138347305,1.5625,3.8116344098542556,112255.19545570666,-0.71452744081807,1.4973810867373556,1.6591261502974282,0.78125,5.226263726337589,73475.74234813493,0.5471964236496023,0.9601689230999452,1.1051462740025972,1.5625,3.725932776827982,30211.70913100833,0.19146153616330758,1.6736379731286959,1.6845538236958602,1.171875,2.0121338099357025,91787.20464175151,0.47680093784659006,1.3205185110524549,1.4039616349329422,1.953125,4.743614815196094,57148.65797824739,6.447186322376007,1.520869478821233,6.62414186495445,1.171875,4.0180944660971445,75796.08697100155,-3.0254690796629884,1.421209556266957,3.3426486137225577,0.390625,1.7019758170272594,66186.05955382848,7.467601409243707,1.6077573715471494,7.638714196322755,1.953125,3.0923671068418783,84702.29587385812,0.625043927376041,1.5208694788212171,1.6443004235113443,1.171875,4.018094466097065,75796.08697099997,-0.771530204663,1.4212095562669598,1.6171256783354409,0.390625,1.7019758170272685,66186.05955382875,-0.5883623607562459,1.6077573715471558,1.7120321355976007,1.953125,3.0923671068418828,84702.2958738588,0.6514089616428831,0.7557549470903843,0.9977470497877949,0.390625,0.7661874779709017,18715.9667870284,-0.326048849865651,0.5002687104093719,0.5971403814124194,1.171875,2.561446206059077,8200.923458556863,0.6790491213450044,1.0432937981710018,1.2448171184963266,0.390625,0.8760112113735247,35666.76486470333,2.56,ACL_1_1,ACL_1,ortho,uturn,2.56,0.5
9.72164019253476,0.5142522384405038,9.735232066974488,2.734375,3.5291376561549153,8665.857987377703,-0.5981105325305445,0.9274927751198393,1.1036208846444835,0.390625,1.0630350477478234,28188.442036108398,0.6562458108625464,0.5351097391222638,0.8467591140213009,0.78125,0.9664413402742345,9382.872210571462,0.1414456474694512,0.9274927751198389,0.9382162432443557,0.390625,1.0630350477478199,28188.44203610837,-0.07041352253481989,0.5142522384405059,0.5190505070769439,2.734375,3.5291376561550316,8665.857987377778,-0.8670626941374432,0.5351097391222642,1.018891627440514,0.78125,0.9664413402742318,9382.872210571475,1.1737576151273383,1.1920177340203757,1.6729056211539515,0.390625,0.6762054362072175,46560.257021311474,-0.08381352207796564,0.1463816842469686,0.16867810754835033,0.390625,1.8974206503307958,702.1403277764484,0.11487035886810083,0.16394582949480388,0.2001835017058738,0.390625,0.9971569693336315,880.7467903867199,9.737321600728134,0.5755176865118208,9.754314561438678,0.78125,2.401234376143333,10853.464450325573,0.20333308267944677,1.0104518987543822,1.030707224292264,0.390625,2.0091880564956215,33457.05473328398,1.6855519374966428,1.0779044353280687,2.0007406892695037,0.78125,1.232302439254742,38072.90042866223,-0.1387398292718074,0.5755176865118257,0.5920045166333566,0.78125,2.4012343761434494,10853.464450325759,0.09527775267944588,1.0104518987543847,1.0149339337375547,0.390625,2.009188056495622,33457.054733284145,0.20654181749664918,1.0779044353280636,1.0975142341103057,0.78125,1.2323024392547515,38072.90042866188,1.2496056776507383,0.8495427390037531,1.5110384558345824,0.390625,0.7872904824929412,23649.52880594612,0.017804897827712447,0.23486447060993473,0.23553839165100066,0.390625,0.8560846496495019,1807.5276582293777,0.17128448613648545,0.21585377816009194,0.27555621701755534,0.390625,0.9487308890815441,1526.7561909983935,6.113005762117613,1.6477051561249736,6.331174593170209,0.390625,5.311370317006819,88962.91173958844,2.3146779990794757,2.6354653502282805,3.5076219653315603,0.390625,3.391101833126221,227597.0665499299,7.583371344201642,1.631598610018679,7.75690885393618,0.78125,4.514702275166588,87232.52525445142,0.43923830711764356,1.6477051561249538,1.7052456045861346,0.390625,5.31137031700681,88962.91173958631,-0.15678558092050887,2.635465350228277,2.6401248702738354,0.390625,3.391101833126209,227597.06654992944,-0.4703427857982933,1.6315986100186826,1.6980389749258986,0.78125,4.514702275166583,87232.52525445179,0.9152413027083142,1.2454346189934702,1.5455659262453423,0.78125,1.0087227432564407,50826.68769013321,0.14914684938246076,1.3010954441075837,1.3096160266880612,1.171875,1.6306702163741933,55471.28857800145,0.649006820985917,1.3111635643185566,1.4629968373454496,0.78125,1.9577339931658368,56333.10393382659,6.7026588382661005,1.8360031386952382,6.949571427612312,0.78125,1.8942511443425485,110457.91349419777,-3.702053455881936,1.3980106300878798,3.9572254815774768,0.390625,4.1912132093099945,64043.64682370607,7.258397669445541,1.8169168084387874,7.482347453613729,0.78125,3.172038735098585,108177.99875329212,0.5940630282661326,1.8360031386952258,1.9297197741774448,0.78125,1.8942511443425156,110457.91349419625,-1.299177140881949,1.39801063008788,1.908479752375934,0.390625,4.191213209310021,64043.64682370609,-0.5409610555544127,1.816916808438791,1.8957387880227454,0.78125,3.1720387350985857,108177.99875329256,0.8742929928533525,0.8096916612254056,1.1916328392631808,0.390625,1.6126723672074175,21482.89908503513,-0.03763639959018944,1.339346032031328,1.3398747299998515,0.390625,0.9134905202972478,58780.82527809525,0.8219826262470847,1.1556783335552117,1.4181847018287166,0.78125,1.8538253708775878,43765.4670790604,2.56,ACL_1_3,ACL_1,ortho,uturn,2.56,0.5
9.230238673851085,0.5839534072113546,9.248692207985407,2.34375,3.2024014098203977,11173.973683260678,-1.8422808478297774,0.6833749430349454,1.9649427561759703,0.390625,2.2938845082148243,15303.559795665577,2.8356882957488856,0.8460238213096225,2.95920334158884,0.390625,0.8756131785924381,23453.97490324592,-0.7085112778297852,0.6833749430349451,0.9843726649902512,0.390625,2.2938845082148287,15303.55979566556,0.04569329614886227,0.583953407211367,0.5857383879401385,2.34375,3.202401409820326,11173.973683261154,-0.12828178425109693,0.8460238213096256,0.8556941757391985,0.390625,0.8756131785924516,23453.97490324609,-1.1030246081538726,0.8703543985238288,1.405055182269643,0.390625,0.6028687191724995,24822.315149753344,0.2761955737310029,0.21973851119611684,0.3529433499179207,0.390625,1.4029419802004366,1582.20346436846,-0.2687700137012486,0.3007865846381705,0.40337313961549875,0.390625,0.7354447048896853,2964.6066007595377,9.844465577629315,0.6584887970163082,9.866463905823831,2.34375,3.2583375468066227,14208.469863473134,-0.051059526496431556,0.9454703908698155,0.9468481056946577,0.390625,2.6981644658235244,29291.982721938286,1.9856326171537324,0.8062314420082832,2.1430693008830906,1.5625,2.205247501483139,21300.072108753822,0.02467364762938467,0.6584887970163208,0.6589508970199073,2.34375,3.2583375468065916,14208.469863473676,-0.3053856864964317,0.9454703908698149,0.9935666447342208,0.390625,2.698164465823521,29291.98272193825,0.2933119571537433,0.8062314420082869,0.8579283433318432,1.5625,2.205247501483132,21300.07210875402,-1.0728125349619804,0.8785813145436643,1.3866621295170731,0.390625,0.601425526783353,25293.792998267167,-0.023554745945774218,0.12961545803200572,0.1317383505947171,1.5625,2.81045387654843,550.5287642934067,-0.25488790729665406,0.19935316990188087,0.32358852210175176,0.390625,1.3834874752999335,1302.255822187157,7.356412027317419,2.5153434221932764,7.774557894004737,0.390625,3.5356480228154097,207324.51462334712,2.803278275482617,2.5343020902680498,3.779028469663837,0.390625,1.4998563786732872,210458.62398004174,6.7432672629734585,2.6069601384430126,7.229653832883035,0.390625,2.520561599117267,222699.40733233342,1.662431672317445,2.5153434221932782,3.0150674282170162,0.390625,3.535648022815433,207324.5146233475,1.2459759054826276,2.534302090268054,2.8240295752311595,0.390625,1.4998563786732844,210458.6239800426,-1.4677296820264953,2.6069601384430108,2.9917338756868737,0.390625,2.520561599117275,222699.40733233312,-0.7814849862179452,1.1911130331382707,1.4245943427502137,1.171875,1.6622478593285108,46490.0851048896,-0.43126579488195965,1.7542882577949053,1.8065208211565824,2.34375,2.035580919883881,100845.96733021195,-0.4696939783299259,1.706088930227578,1.7695626214193365,1.171875,1.4962656094829776,95379.6502941089,6.377160260445153,1.757399650016078,6.614879176317397,0.78125,2.9753542373738116,101203.49069682111,-2.165148460973046,1.4294198208111548,2.594438066746197,1.5625,3.031148537826969,66954.25868539805,7.642237417191003,1.568645578373812,7.801566617754791,1.953125,3.8964503405246176,80630.76953034439,0.4741281704451867,1.7573996500160867,1.8202337904473602,0.78125,2.975354237373805,101203.49069682212,0.37734923902693646,1.429419820811157,1.4783888095903623,1.5625,3.03114853782695,66954.25868539825,-0.22298798780894918,1.5686455783738036,1.584415536801747,1.953125,3.8964503405247246,80630.7695303435,-0.662335446605828,0.9519548895053088,1.1597009767537518,0.390625,1.299027234646812,29695.089841617613,0.2599583246652276,0.8469981956774278,0.8859933826183863,0.390625,1.5751751432268386,23508.20055860685,-0.7964282220865224,0.8741637968090844,1.1825651172715916,0.390625,1.252669235256068,25040.0900740875,2.56,ACL_1_5,ACL_1,ortho,uturn,2.56,0.5
9.148355882023388,1.0797450553806105,9.211854575967362,1.953125,3.4487795069360243,38203.677421271896,-1.7954593609410507,1.4372969237471582,2.2998905982250313,0.78125,1.2918446255374834,67692.89092467124,2.9349149452920997,1.2935525755426893,3.207335966466883,0.390625,1.2650897444326465,54830.237778407856,-0.9304009759410545,1.4372969237471587,1.7121531540855546,0.78125,1.2918446255374931,67692.89092467132,-0.337490737023448,1.07974505538061,1.1312600860083002,1.953125,3.4487795069360447,38203.677421271874,-1.2627394197078798,1.2935525755426869,1.8077027155418315,0.390625,1.2650897444326439,54830.23777840765,1.0899504594828353,1.4594856213307226,1.8215625937633793,0.390625,0.8108674444573067,69799.06266097935,-0.15102716665518487,0.2762219331928528,0.3148138520533838,1.171875,1.3080181363280188,2500.1530294026225,0.1387490453096032,0.5383611264646493,0.5559532354997248,0.78125,0.9561612993467324,9497.238660164723,9.903221914733155,1.0662415359542072,9.960455577203536,1.5625,4.456158809453851,37253.630859290264,0.24028364358957888,1.3351239318112005,1.3565736775684847,0.78125,2.753114237251157,58411.03192583588,0.7467355224379271,0.8740337029555926,1.1495863840411946,1.953125,3.0281490617000633,25032.734559179902,-0.03276895526677171,1.0662415359542257,1.0667449636268747,1.5625,4.456158809453839,37253.630859291545,0.14251174358958107,1.3351239318112011,1.3427082744795844,0.78125,2.7531142372511606,58411.03192583593,-0.19765559256206855,0.8740337029555911,0.8961041497355791,1.953125,3.028149061700057,25032.734559179826,1.2308724452774658,0.7524582053557464,1.4426504522407773,0.390625,0.6019637482792901,18553.044186318722,0.03166251902455692,0.117661217891296,0.12184694213086951,0.78125,3.6983437792069296,453.64578478224337,0.11391141448948985,0.19810988442833533,0.22852425836047413,2.734375,2.6875475437083676,1286.0703819930272,6.631890883098457,4.706211598254498,8.132060273563495,2.34375,2.9940606053315837,725759.7941312935,1.0965617732156907,3.4918898431545373,3.660019453391438,1.5625,4.577123079339028,399549.88549854595,8.486051149258738,3.0049089571338916,9.002363131339408,1.171875,4.0537421247548355,295878.0479380418,1.3402038130984737,4.706211598254477,4.893319309853858,2.34375,2.9940606053316197,725759.7941312868,-0.25453388678429845,3.4918898431545426,3.5011544062276627,1.5625,4.577123079339032,399549.8854985471,-0.14035569574121284,3.0049089571338907,3.008185094370107,1.171875,4.053742124754818,295878.0479380416,0.6830268323035995,1.44087850031803,1.5945709474104388,0.78125,2.891426590969373,68030.65747050042,0.17864173566950908,2.258631476215376,2.265685109425814,1.171875,1.9487469947953893,167163.24195978596,0.8371654581884098,1.8940490886457313,2.0708133558057655,1.171875,1.6667391707725165,117552.64440764941,7.855091579982831,5.288760324533643,9.469606618032156,0.78125,2.4330700801581804,916554.09242145,-2.9871389696547324,3.5089152001577633,4.608197598403104,0.78125,4.41761651926825,403455.7748183285,7.991611751103145,4.076870313732074,8.971439680194017,0.78125,4.190532962765182,544649.1942814213,2.5858876949828606,5.288760324533644,5.88708764512853,0.78125,2.433070080158164,916554.0924214497,-1.5937202746547499,3.508915200157761,3.853885078170312,0.78125,4.417616519268201,403455.774818328,-0.709474678896824,4.0768703137320905,4.138142805049839,0.78125,4.190532962765158,544649.194281426,0.8043311680287194,1.471848005252251,1.677285061767222,1.171875,1.9351928772816374,70987.26305369232,0.21063242057324433,2.0909115346697407,2.1014940072271235,0.78125,2.254712248821368,143263.4652977375,0.8955178166749416,1.7491280619319702,1.9650448180690803,0.78125,2.2320391917040543,100252.32788267177,2.56,ACL_10_1,ACL_10,ortho,uturn,2.56,0.5
9.005100592361421,0.9890529831209555,9.059252865549592,1.171875,2.822121663551487,32054.51195497454,-2.028480934955506,1.8506689172512705,2.745853299933912,0.390625,1.1036108644223905,112229.59689107531,3.0371746395156127,1.2272139690415766,3.2757417353520975,0.390625,1.2634307222004824,49350.52026853396,-0.7752967099555139,1.8506689172512714,2.0065045302086504,0.390625,1.1036108644223874,112229.5968910754,-0.24453011236148156,0.9890529831209431,1.0188330477914207,1.171875,2.822121663551443,32054.51195497374,-1.3301368304843646,1.2272139690415786,1.809783996398956,0.390625,1.2634307222004943,49350.52026853411,1.228029883709235,1.3352000240155786,1.8140607761081542,0.390625,1.0322208824917931,58417.456821627406,-0.19097106211018475,0.26773193607803747,0.32886218414342866,0.390625,1.3884475189643226,2348.8231346349367,0.47809602426838105,0.6560044492007719,0.8117374241664854,0.78125,1.2305416619637273,14101.475118898548,9.816998199521162,0.9705054272354405,9.864853492763853,1.953125,4.045770209044113,30863.550270907916,0.4716883188852828,1.4350914991242967,1.5106215545369546,0.78125,2.5217989134109433,67485.4050112403,1.0883504686555943,0.9293949493963566,1.4311819292411108,2.34375,2.815021010788352,28304.39847258645,-0.11895400047879044,0.9705054272354271,0.9777682949059695,1.953125,4.045770209043941,30863.550270907064,0.4031273838852834,1.4350914991243002,1.4906372122340918,0.78125,2.5217989134109464,67485.40501124065,0.193604883655602,0.9293949493963565,0.9493459974839286,2.34375,2.8150210107883513,28304.39847258644,1.216333513978061,0.6756004402299326,1.3913673749463498,0.390625,0.6926010916526095,14956.499949627925,0.07202637580073148,0.14995018259107282,0.16635160374966113,0.78125,2.8998764345236197,736.7913183178202,0.16029274657449927,0.2167136321280267,0.26955252355434983,2.734375,3.1115735689962194,1538.9530471935361,6.705807640915788,4.2127070841909,7.919264933954209,3.125,3.1396090773330703,581530.4513069893,0.5582342472155585,3.8256148590481334,3.866129139660778,1.171875,3.9224578857007315,479570.47224805097,8.429947566066627,2.5629855274954565,8.810954022169437,1.171875,3.7495754405935706,215249.54734145454,1.4257112559158174,4.212707084190898,4.447421001258733,3.125,3.139609077333094,581530.4513069887,-0.7066063527844385,3.825614859048152,3.8903240980110305,1.171875,3.9224578857008163,479570.4722480558,-0.22398316393333217,2.5629855274954583,2.5727540247518332,1.171875,3.7495754405935773,215249.54734145477,0.7133733469299592,1.1711460533593976,1.3713076279264784,0.78125,2.7811220940633192,44944.03888590681,0.14585553620287103,1.9572727440993605,1.962699781483472,1.171875,1.8868745024255895,125531.54433999563,0.8705918619215169,1.5696787183976912,1.7949433052424224,1.171875,1.935892886792351,80736.8007462089,8.029194995483518,5.7589949901995245,9.880991629013801,0.78125,4.015720321896232,1086864.4408492248,-3.1965975632748984,3.9014766435797514,5.043783895245051,0.78125,4.078433214259224,498778.7674060966,8.154918800402042,3.996464268459531,9.081543221844207,1.953125,3.9757643839865477,523366.55469947134,2.849066005483541,5.758994990199536,6.425200417165623,0.78125,4.015720321896218,1086864.4408492292,-1.8136911132749123,3.901476643579762,4.302440639308205,0.78125,4.078433214259245,498778.7674060995,-0.6009272445979017,3.9964642684595235,4.041390874732825,1.953125,3.9757643839865415,523366.55469946924,0.88662902918607,1.635643951548096,1.8604951415231654,1.171875,1.9022377936074253,87665.253717122,0.45389782078528207,2.250734465725136,2.296046355567901,0.78125,1.5687109012992977,165996.58022784223,0.8829591096912401,1.9283109610801747,2.120848875334755,0.78125,2.7227744140204395,121844.08127674206,2.56,ACL_10_3,ACL_10,ortho,uturn,2.56,0.5
9.804489900054929,0.8931472890984874,9.845086809180662,1.953125,3.008192385440288,26139.433470145108,0.6691274794193396,1.2081701303346155,1.3810889354226399,0.78125,1.61857106742346,47831.56154163648,-0.21318802777724782,1.191108662827391,1.2100367688008526,0.390625,1.2333012275382365,46489.323593429675,1.2646915544193358,1.208170130334614,1.7490339595480568,0.78125,1.6185710674234437,47831.561541636365,-0.3901418700549738,0.8931472890985005,0.9746398097728167,1.953125,3.008192385440238,26139.433470145876,-2.843317237777238,1.1911086628273972,3.082724892250954,0.390625,1.2333012275382287,46489.323593430156,1.2586457469984413,0.7760303710401408,1.4786521745204189,0.390625,0.6982693556208881,19733.652861546812,0.2297936179717116,0.268916775802824,0.3537249484680368,0.78125,1.4421346165166493,2369.660005388508,-0.026592109491788155,0.24907596984778546,0.2504914749903441,0.78125,1.1410972752335264,2032.891817607516,9.279190526064811,0.7809637910798156,9.311996631334695,3.515625,4.021147504805403,19985.447935998716,0.6159530132696337,1.273703284682377,1.4148208974872467,0.78125,3.2696778779521547,53160.3823877813,3.826807845336087,1.053527062988007,3.969178448693629,1.5625,2.593899748015327,36370.53171315779,0.24988683606487522,0.7809637910798195,0.8199682151256095,3.515625,4.021147504805399,19985.447935998905,0.13321271326963693,1.2737032846823777,1.2806504926744597,0.78125,3.2696778779521267,53160.382387781356,-0.43151213966388186,1.0535270629880031,1.138473539053688,1.5625,2.5938997480152923,36370.531713157536,1.1969335600999687,0.6775808144317332,1.3754147401346097,0.390625,0.8648244000654323,15044.312793759702,-0.00974765780814058,0.18579779745351002,0.18605332131225213,1.5625,2.388868386282213,1131.1930981522346,0.5167058996469933,0.3982039321526605,0.652342975981078,0.390625,1.522249787245371,5195.904234491863,6.457419004055007,2.77318928254156,7.027719330674364,2.734375,4.032019229788914,252004.89395912242,0.328032238272492,3.0075977488414547,3.0254337487676453,0.390625,3.457088152531218,296407.67046443006,8.601856775527239,2.565770534962373,8.976364432484065,4.6875,5.076724272047426,215717.59313232047,1.1371088940550376,2.7731892825415656,2.9972646586083247,2.734375,4.032019229788877,252004.8939591235,-0.6782674867275018,3.0075977488414587,3.0831300657591223,0.390625,3.4570881525312034,296407.6704644307,0.05490597052729512,2.5657705349623674,2.566357945353808,4.6875,5.0767242720474455,215717.59313231948,1.104315520766348,2.076331766994338,2.351736884950202,0.78125,1.609215162795085,141267.88178875283,0.18148838399588016,1.9857511326462056,1.9940274808364915,0.78125,1.6792799413194985,129211.02571097953,0.5695597484389374,1.0982763203880441,1.2371779107981713,1.953125,2.011199823262174,39525.11835067335,8.936116136487406,4.125304673756167,9.842373202439799,0.78125,2.9737196561584063,557651.912412291,-2.884426234483378,3.3785836535421097,4.44238024105973,0.78125,1.572738292861321,374043.6143599688,6.53975265630799,3.633531707816025,7.4813713634194,0.78125,2.632810400391031,432621.4173360185,2.726623371487441,4.125304673756167,4.944958408445516,0.78125,2.973719656158384,557651.9124122909,-1.0664175944833856,3.3785836535421074,3.5428906262832425,0.78125,1.572738292861304,374043.61435996834,-1.2442911936919547,3.63353170781602,3.840678748138635,0.78125,2.632810400391019,432621.41733601736,0.9717853061694495,1.233695050559315,1.570468133730004,0.78125,1.488028159102371,49873.6973551995,-0.37628692813011977,2.008372299658598,2.0433186600032722,1.5625,2.7780882723571825,132177.0939933148,0.5293242717332736,1.9627955882547403,2.0329167975886846,0.78125,1.9376104066191462,126244.8720894565,2.56,ACL_11_3,ACL_11,ortho,uturn,2.56,0.5
8.953387068466165,0.6595550993189664,8.977647404905964,3.125,2.8388814363415658,14254.946350331524,0.05114916540629328,1.4721896901279057,1.4730779751393543,0.78125,1.0238666754841552,71019.47864649075,3.467299975006838,0.8195603184035846,3.562842717856656,0.390625,0.7842832543647684,22009.585032856066,-0.11464573846622822,0.6595550993189815,0.6694449748755593,3.125,2.838881436341568,14254.946350332177,-0.09826169040629287,1.4721896901279012,1.4754652972945137,0.78125,1.023866675484155,71019.47864649032,-0.32358813499314554,0.819560318403582,0.8811290465136891,0.390625,0.7842832543647595,22009.58503285592,-1.0665575483777725,0.8096290927690892,1.3390460305231118,0.390625,0.5490604544587915,21479.41469580011,0.08532057933922274,0.17138909659268028,0.19145188348416867,0.390625,1.5604953637169101,962.537464579032,-0.46801208900397007,0.44295960672024653,0.6443978030996191,0.390625,0.7596158016994896,6429.515535326512,9.623543216481835,0.6710434242672261,9.646910558139627,3.125,2.844499629149485,14755.761083918393,-0.34674134328216405,0.8971874297758877,0.9618600954863358,0.390625,1.2672045879967073,26376.44903027435,1.7004220458052455,0.7297640708928459,1.8504028569548294,1.5625,1.5801361934924703,17450.79930710238,0.09153031851811709,0.6710434242672367,0.6772570239283803,3.125,2.8444996291495563,14755.761083918856,0.4178196982821647,0.8971874297758884,0.9897063122060322,0.390625,1.2672045879967098,26376.44903027441,0.7303601958052521,0.7297640708928466,1.032463856405049,1.5625,1.580136193492466,17450.79930710241,-1.0706022624239036,0.6689759633119938,1.2624254606892205,0.390625,0.7231892194774017,14664.63730040922,0.0058339482393133454,0.37213304714482925,0.3721787738834049,0.78125,1.2301427136349998,4537.823727433338,-0.23287516783492862,0.21345201881863557,0.31589968048717193,1.5625,1.9716773175338063,1492.978001879005,6.779228933519986,2.773557730821301,7.324654764510962,1.5625,2.3171612594068525,252071.8559109465,-0.8559446802074198,1.8318905724263783,2.0219951446331486,0.78125,1.8506094067421637,109963.63378097446,7.9423699671613965,1.745281602770655,8.131866241413285,1.5625,2.638378272807754,99811.59982790596,0.9105779185200101,2.7735577308213015,2.919207877472045,1.5625,2.3171612594068605,252071.8559109466,0.5061149597925693,1.8318905724263845,1.9005197767638464,0.78125,1.8506094067421732,109963.63378097517,0.19698256716142493,1.7452816027706506,1.7563627201507084,1.5625,2.638378272807761,99811.59982790542,-0.6913485431107201,1.315281477557882,1.4859098806011624,0.78125,1.43124854162857,56687.52718629932,0.18968655929371853,1.7246634978923754,1.7350634489087289,1.5625,2.161085727384046,97467.39964587957,-0.7190664819716023,1.3999566627049829,1.57382821900838,0.78125,1.6020637177552663,64221.31811965947,7.674559164681785,2.0360352346819965,7.940043945033789,2.34375,2.4192186217819804,135837.90360568452,2.36275255225344,2.1478795072332346,3.193115406741922,0.78125,1.5738099822625298,151171.4716378568,7.011727337221983,2.082527283903582,7.314454192880622,0.78125,1.9682450902796962,142112.39654833806,0.909637119681821,2.036035234681996,2.2299953287775316,2.34375,2.419218621781987,135837.90360568443,0.7540891322534522,2.1478795072332475,2.276408749977759,0.78125,1.5738099822625298,151171.4716378586,-0.11112727277797589,2.0825272839035835,2.0854901483722976,0.78125,1.9682450902797,142112.39654833823,-0.9276356169347748,1.4835809993960458,1.7497200974941478,0.78125,1.7030248821549558,72122.80791905208,0.03282888636135434,1.6440607766421955,1.6443885103810063,1.5625,1.9303451937128464,88571.20366527508,-0.5163738485758581,1.2594515799796302,1.3611980876442011,0.78125,2.5182514735891974,51977.35799656262,2.56,CIPN_1_1,CIPN_1,neuro,uturn,2.56,0.5
9.749600988237336,0.7391918045725936,9.777582725489246,2.34375,2.534568519021728,17904.611201864198,-0.7751114752027942,0.9986763181198939,1.2641804409832322,0.78125,1.479140868886161,32681.314178217322,-0.022133047608607237,0.9064917032600041,0.9067618650316455,0.390625,0.8024569384725164,26926.44588473213,-0.7186179932373944,0.739191804572593,1.0309298444374506,2.34375,2.534568519021772,17904.611201864176,0.4460497402027962,0.9986763181198931,1.0937617469579413,0.78125,1.4791408688861636,32681.314178217286,-3.3953358826085935,0.9064917032600062,3.5142613681695196,0.390625,0.8024569384725199,26926.445884732246,-1.0661518167566673,0.7114683623565323,1.2817437056634327,0.390625,0.8461231490326632,16586.758635893606,0.20239800729946822,0.4094887411311962,0.45677782616060447,2.34375,2.119922909300799,5494.591658138495,-0.031141660770793368,0.1994116941443601,0.20182870657338858,0.390625,1.7679022040343144,1303.021160387109,9.342884165756507,0.7288840601414242,9.371272939567598,1.5625,2.498263327630134,17408.788935659162,-0.8858391825103439,0.8934212526384111,1.258138542425508,0.78125,2.2279715959189734,26155.498943738465,2.598338357358366,0.887337447992467,2.7456747742457694,1.5625,1.6607758626300706,25800.467150507928,0.19812072924342577,0.7288840601414464,0.7553302565661106,1.5625,2.4982633276300863,17408.788935660217,0.2030043225103465,0.8934212526384092,0.916194460594403,0.78125,2.2279715959189876,26155.498943738352,0.6799536173583753,0.887337447992465,1.1179019046269312,1.5625,1.660775862630082,25800.467150507797,-0.9524199606854646,0.5106543632810767,1.0806811094166975,0.390625,0.9466237675375367,8544.872839290507,0.08470274673742433,0.25005775011715353,0.26401407859907217,0.78125,1.705001533091209,2048.9471962691014,-0.32045419386299523,0.2733330135530837,0.42119096222781466,0.390625,1.6854082124904555,2448.130204735603,7.60837221643572,3.6003921581798455,8.417253202590137,2.34375,2.061256985064761,424765.8067667579,-0.9813720996197289,2.72140426221823,2.8929452736496044,1.5625,2.167848275400824,242681.15677555715,7.337636665704467,2.4079168350972693,7.7226274882733685,1.5625,2.758778841538937,189990.94439124357,1.0918344664357593,3.600392158179877,3.7623033097798237,2.34375,2.0612569850647584,424765.8067667653,0.4489455203802623,2.7214042622182313,2.7581865851840153,1.5625,2.16784827540083,242681.15677555738,0.15683438570449584,2.407916835097272,2.4130189616503577,1.5625,2.7587788415389456,189990.94439124403,-0.7186175207677498,1.311961090312233,1.4958786861399056,0.78125,1.536331580824817,56401.65466089925,0.13121413245475883,1.7480980644318027,1.7530156848773686,1.5625,1.897919089225563,100133.9897068998,-0.4840972536708473,1.136480266344673,1.2352884468020071,0.78125,2.6751801091813454,42322.73582975704,8.340466336203905,3.6685342410071384,9.111614685816802,0.78125,1.8493256833465326,440996.78380865697,2.693901213753243,2.015287915502375,3.3642962312839075,0.78125,2.072883581087282,133085.8279586935,6.825052568672451,3.561742911089515,7.698529413455458,1.5625,2.227716503259205,415695.572319293,1.7543511612039433,3.6685342410071504,4.066434737489283,0.78125,1.8493256833465204,440996.7838086599,1.3547283037532467,2.0152879155023617,2.428306850330082,0.78125,2.072883581087297,133085.82795869172,-0.5000646213275144,3.5617429110895262,3.5966758528118605,1.5625,2.227716503259193,415695.5723192958,-0.8342388621623644,1.4098415751390285,1.6381720746406507,0.78125,1.8485009248437423,65131.54516933651,-0.04041800746703886,1.9593845357264374,1.9598013608964335,1.5625,1.9630671842822485,125803.2059739513,-0.5081033264313721,0.9620219614138628,1.087959210895887,0.78125,2.356286491584109,30326.623189638347,2.56,CIPN_1_2,CIPN_1,neuro,uturn,2.56,0.5
9.554209002342073,0.4804476382293663,9.566281387953968,2.734375,2.402570022144348,7563.845447028473,-0.4870668849967007,1.1153772507410324,1.2170869163420552,0.78125,1.065006505531847,40765.64697866642,1.6660187539396363,0.8306831184816289,1.8616264211191629,0.390625,0.5773966766756947,22611.049240242228,-0.33018973234210935,0.48044763822936326,0.5829710047886832,2.734375,2.4025700221443453,7563.845447028376,0.2550113349967018,1.1153772507410324,1.1441578529413783,0.78125,1.0650065055318432,40765.64697866644,-1.216674271060344,0.8306831184816262,1.4732042374330108,0.390625,0.577396676675698,22611.049240242082,-1.05729532246268,0.5876572749417335,1.209634023865651,0.390625,0.6644882987213911,11316.161170100291,0.1243785206008772,0.170340744231078,0.21091701100684215,0.390625,1.469135925046617,950.7970577588353,-0.20719729440694243,0.23394752579630282,0.31250946167399307,0.78125,1.133926552746474,1793.4494470753175,9.44037905754692,0.48071243037271016,9.452610284513232,2.734375,2.377357538428027,7572.176203278574,-0.8964926360761487,0.7872495968973224,1.1930888375782243,0.78125,1.589857228908988,20308.37987150262,2.4329173874820347,0.6846078357334897,2.5274047762596523,1.5625,1.7889634218834485,15358.194129205202,0.019639382453028383,0.4807124303727031,0.48111344406279816,2.734375,2.377357538427993,7572.176203278353,0.10078882107615438,0.7872495968973217,0.7936751944397131,0.78125,1.589857228908993,20308.379871502584,0.23978397748204833,0.6846078357334877,0.7253855834001676,1.5625,1.7889634218834287,15358.19412920511,-1.0002973891524778,0.6517767658534023,1.1939044430990213,0.390625,1.0534112681538,13920.512482838427,0.0523567727586286,0.24469140385564592,0.2502301236353159,0.78125,1.3685376545178356,1961.9681727073462,-0.3333361913755542,0.22838413695320514,0.40406970994201047,0.390625,1.525950940658515,1709.1633799861304,7.391647833035465,2.230573949941196,7.720875457729788,2.734375,2.395956603225361,163037.30253244788,-1.0246155269256687,1.4368852097328557,1.7647878297308712,0.78125,2.072239574855486,67654.22223761893,6.908079201517429,1.6639687378326755,7.105656212829478,1.953125,2.4895798767554855,90727.7763096517,0.8584036530355078,2.2305739499411996,2.3900453923934144,2.734375,2.395956603225315,163037.30253244838,0.44065021807432436,1.436885209732859,1.5029343700368265,0.78125,2.0722395748554767,67654.22223761927,-0.26280516848252755,1.6639687378326786,1.68459446664935,1.953125,2.4895798767555006,90727.77630965205,-0.6604822340215368,1.3801393471407695,1.5300396723563183,0.78125,1.1545347765261589,62416.02275352635,-0.052015688426984646,1.088170588024213,1.0894130807381994,2.34375,3.4520155965814716,38804.789279464174,-0.5262785992999256,0.9440566051411284,1.0808385808212455,0.78125,1.9162432649352117,29205.069556304712,8.024100541658955,2.6090648281482234,8.437618667617755,0.78125,1.9721955571912246,223058.96631444152,2.867170103813757,2.185251973595235,3.604995227778431,0.78125,1.511075498194369,156477.8951764392,6.543757430801861,2.5205405604749798,7.0124094311566045,0.78125,1.9666739221597855,208179.19215936185,1.212070876659003,2.609064828148223,2.876862020939663,0.78125,1.9721955571912266,223058.96631444138,1.048356863813769,2.185251973595242,2.4237116788115167,0.78125,1.511075498194372,156477.89517644013,-0.47416451419810085,2.5205405604749793,2.5647527568021533,0.78125,1.9666739221597942,208179.1921593618,-0.8595656060719513,1.4276011679311582,1.6664027501838345,0.78125,1.5131416872706869,66782.66317968312,-0.06600871182927219,1.697053061335405,1.6983363162298655,1.5625,1.740856917521436,94371.48297214149,-0.5630566272605462,1.1545931926896047,1.2845692687072956,0.78125,2.0601186804554237,43682.54375271959,2.56,CIPN_1_3,CIPN_1,neuro,uturn,2.56,0.5
9.29018404018555,0.46052079437218896,9.301591202722658,0.78125,3.6101037654362798,6949.932727804844,-0.39028148226520715,1.297212592930931,1.3546513007625678,0.78125,0.985767691262969,55140.71009660846,2.5147063635918188,0.431477105409323,2.5514546022968143,0.78125,1.1992703520023662,6100.505166827361,0.04535040481440289,0.4605207943722016,0.46274837791831736,0.78125,3.610103765436283,6949.932727805226,0.21952371726520997,1.2972125929309304,1.3156561760963705,0.78125,0.9857676912629693,55140.71009660843,-0.04176001640816679,0.43147710540932627,0.43349324269568634,0.78125,1.1992703520023729,6100.5051668274555,-1.0547670534642655,0.6003606512565598,1.2136582915511636,0.390625,0.6649373235273046,11810.670487854066,0.1469099805122059,0.16309405413054934,0.21950447117732086,0.78125,1.6624014075543991,871.6250577910355,-0.34839277518170164,0.28370770123019046,0.44929676777841027,0.390625,1.0376130662493568,2637.500767959293,9.351577090754638,0.547032393674981,9.367563104887886,0.78125,2.753872567381846,9806.10658843689,-1.0112398028466394,0.7253592155790173,1.2444886220800564,0.78125,1.6941672904087697,17240.891629876987,2.512378019089962,0.6284728030513044,2.5897917628607834,1.5625,1.6759614375197867,12942.816821330449,0.14377206424530503,0.5470323936749818,0.5656101538932414,0.78125,2.7538725673817415,9806.106588436915,0.19703923284664526,0.7253592155790162,0.7516451628968287,0.78125,1.6941672904087706,17240.891629876944,0.4602731690899726,0.6284728030513035,0.7789925894123055,1.5625,1.6759614375197898,12942.816821330403,-1.028193205318408,0.6318024583842108,1.2067955973914035,0.390625,0.5905825601243683,13080.145560716743,0.057169682287753,0.270836758431662,0.27680484513579784,0.78125,1.1904037723261844,2403.6222582354108,-0.32120909437023015,0.2182220502637143,0.38832479386132746,0.390625,1.5209975908060582,1560.4405731870343,7.360876141906581,2.0718861712765944,7.646908518036338,1.953125,2.0389236542130744,140663.6089343589,-1.0417509343144418,1.940962506019021,2.2028573396651563,0.78125,2.2212637433056543,123448.0556773906,7.099155876858871,1.322422282672201,7.221275154544924,1.953125,2.964767349482462,57304.89492611002,0.8322573769066273,2.0718861712766015,2.2327930150694026,1.953125,2.0389236542130798,140663.6089343598,0.3560072956855464,1.94096250601901,1.9733414920770638,0.78125,2.2212637433056552,123448.05567738923,-0.09607200814109317,1.3224222826722074,1.3259074343468453,1.953125,2.964767349482447,57304.89492611059,-0.8526644014646346,1.3359676120180277,1.584880450345134,0.78125,1.4075914512725491,58484.64470865095,0.21585733518118128,1.3275889273936616,1.3450229549304256,1.953125,1.9026411765318842,57754.01947067712,-0.5871598070569979,1.1068357595051272,1.2529333731457961,0.390625,1.8244219898288696,40143.654800644865,7.174608326334022,2.014267478169594,7.451998262876418,0.390625,2.606648408836394,132951.07222717238,2.9364438933167545,1.9726018961103509,3.5374936012854366,0.78125,1.514952030862808,127506.50251354171,7.052510822045826,1.950001894317202,7.317131697797585,0.78125,1.7679959821926012,124600.73425971586,0.36471233633406164,2.0142674781695984,2.0470194336854655,0.390625,2.6066484088364312,132951.07222717296,1.0240775883167652,1.9726018961103449,2.2225870393374496,0.78125,1.5149520308627944,127506.50251354094,0.060506897045870076,1.9500018943172168,1.9509404071961944,0.78125,1.7679959821926112,124600.73425971775,-0.9130924699520133,1.3261492054444701,1.6100961380563794,0.78125,1.5782540566933447,57628.21228117274,-0.1380277911953623,1.4086281997805512,1.4153745357181142,1.953125,2.0390234000536855,65020.00585459041,-0.5748974217211991,1.1763238772104214,1.3092917587753468,0.78125,1.9790940948523952,45342.480753699805,2.56,CIPN_1_4,CIPN_1,neuro,uturn,2.56,0.5
9.453135079859328,0.4847478611858061,9.46555562695562,0.78125,2.3386382335401126,7699.8531443137945,-0.5409669977806192,1.318166004769805,1.4248532937880185,0.78125,0.977260989618322,56936.422605182786,2.149037423158447,0.4613538206304188,2.1980011815160116,0.390625,1.2419917691647315,6974.633489968926,-0.2879169498593723,0.48474786118580776,0.563805515173929,0.78125,2.338638233540106,7699.853144313849,0.29283285778061974,1.3181660047698047,1.3503009659800862,0.78125,0.9772609896183234,56936.422605182786,-0.8755229168415355,0.4613538206304197,0.9896402001358855,0.390625,1.2419917691647322,6974.633489968952,-1.0698641564975773,0.626796369368102,1.2399528224941894,0.390625,0.8258558961938915,12873.795544096882,0.15448531846173344,0.14090696262284955,0.2090944421447407,1.953125,2.2177380923876546,650.605016605535,-0.31094427008229,0.2319654519856545,0.3879359612254542,0.78125,1.0806853903258617,1763.1975162365388,9.39368920124171,0.5668262042445261,9.410775141046745,1.5625,2.071248684592573,10528.111016945899,-0.9598749894777768,0.8647071560793039,1.291928195063379,0.78125,1.8662531007829215,24501.422954681027,2.535374797561694,0.5287032207699154,2.5899136008298584,1.5625,1.4914438381951145,9159.543873242852,0.10329822375824158,0.5668262042445172,0.5761618425840563,1.5625,2.071248684592555,10528.111016945568,0.020184899477783604,0.8647071560793046,0.864942712520134,0.78125,1.866253100782913,24501.42295468107,0.555329302561705,0.5287032207699163,0.7667579343809574,1.5625,1.4914438381951263,9159.543873242883,-0.9995582446932303,0.5317862434943826,1.132216098324025,0.78125,1.2751123130067232,9266.857093316788,0.10679019851057739,0.2924525677703196,0.3113400887990204,0.78125,1.042947184712034,2802.601773920876,-0.2961518425337478,0.19547216026203237,0.35484543011519737,0.390625,1.8812020879033025,1252.0589746246067,7.101842446632123,1.6412453946534313,7.289022745351865,0.78125,4.316906823991626,88276.06804561363,-1.0031829937011194,2.0589370444322412,2.290327022891385,2.34375,3.8052755517322097,138919.02801512607,6.97938696074611,1.4074710428532047,7.11988883932208,1.953125,2.9233264165294544,64914.86911197115,0.5407672966321584,1.641245394653426,1.7280381114367627,0.78125,4.31690682399156,88276.06804561308,0.42613400629887066,2.058937044432246,2.1025726965457627,2.34375,3.8052755517322265,138919.02801512674,-0.1861558642538416,1.4074710428532156,1.4197284044021985,1.953125,2.923326416529377,64914.86911197215,-0.7250172681575646,1.4265379106053024,1.6002063771653952,0.78125,1.8204096008534236,66684.36021105509,-0.0009543003068374079,0.9630925942017038,0.9630930669957308,1.171875,1.9972199025585229,30393.871713832676,-0.8019794050541713,1.3032279208951454,1.5302202390282666,0.78125,1.7276411076024478,55653.58360895059,7.8483374336135165,2.547811057779058,8.2515296556457,1.5625,2.1233003061754347,212708.2739735863,2.529909681610849,1.3589750872382516,2.8718036640485227,0.78125,1.8638620894454685,60516.378251349255,6.205640097831708,2.789896238253464,6.803931954688962,0.78125,1.9860309253994999,255050.41817495652,1.1041488236135448,2.547811057779053,2.776776154253056,1.5625,2.123300306175453,212708.27397358546,0.7340714616108615,1.3589750872382491,1.5445627855434407,0.78125,1.8638620894454592,60516.37825134902,-0.8829334671682717,2.789896238253474,2.926276222038287,0.78125,1.9860309253995054,255050.41817495832,-0.712195895963679,1.2395347048881764,1.429569613152758,0.78125,1.3043073199904451,50346.27225810896,-0.13447085144703402,1.648388272789491,1.6538640535905034,1.171875,1.5399968565533462,89036.68702916082,-0.4895953301263223,0.9445509071583605,1.0638984930411286,0.78125,1.7804786466917155,29234.83720433735,2.56,CIPN_1_5,CIPN_1,neuro,uturn,2.56,0.5
9.758690342414843,1.0763060887243605,9.81786494079878,1.5625,2.404427219152067,37960.381160124445,0.3828123834050433,1.1930362272566877,1.2529488259442685,0.78125,1.036735563291596,46639.8724786368,-1.537378924577286,1.5333828381396917,2.1713583043882347,0.390625,0.785778379439185,77046.30068301944,0.04437889258511216,1.0763060887243592,1.0772206286235932,1.5625,2.404427219152113,37960.381160124365,-0.24151404840504434,1.1930362272566888,1.2172364088885395,0.78125,1.036735563291596,46639.87247863685,-1.7733879045772811,1.5333828381396892,2.344390664629581,0.390625,0.7857783794391859,77046.3006830192,-1.265484361696351,0.5142580802164688,1.3659839101416782,0.390625,0.7311778374646459,8665.87424504733,0.1292413977964724,0.23252993141289627,0.26603290756459486,0.390625,1.4192516559377113,1771.7905622730989,0.18971486320308656,0.32472791758843084,0.37608502998854465,0.78125,0.8746902220181202,3455.331363272928,9.31393976533019,1.0608253890691905,9.37415726656497,1.5625,2.9754691057478952,36876.681181440916,0.42429315192885425,0.6430493102798079,0.7704135864748614,0.78125,1.6877979029584989,13549.978897134246,3.5851348050678835,0.9056009472768474,3.6977431828370473,1.5625,1.8137696434700397,26873.544574401825,-0.30114451033024237,1.0608253890691883,1.1027413668652484,1.5625,2.975469105747875,36876.68118144077,0.1481448730711422,0.6430493102798052,0.6598934147789308,0.78125,1.6877979029584915,13549.978897134128,-0.3216780749320945,0.9056009472768503,0.9610358263877299,1.5625,1.813769643470063,26873.544574401985,-1.154361313092199,0.5062736177609551,1.26050109766105,0.390625,0.9578733978741312,8398.931908750945,-0.17168192548007766,0.13375129304896946,0.21763292933014122,1.5625,3.5846065609208537,586.2082627940806,-0.5022617670315486,0.23624022205604642,0.555046236937738,2.34375,2.194475338875177,1828.770568564144,7.96932236109526,4.243409630084288,9.028655724067953,2.734375,2.7162658493999348,590046.1184219639,-0.4794326503526627,3.8800448252012396,3.9095528531783654,0.78125,1.4663821605028107,493314.3873638273,8.145177035493553,2.1369747985198395,8.420841420490024,0.78125,3.875486633083778,149642.53433400462,1.771869576095296,4.243409630084297,4.5984831285310035,2.734375,2.7162658493999294,590046.1184219668,1.844943844647311,3.880044825201231,4.296343286502238,0.78125,1.4663821605028118,493314.3873638252,0.9747390204935985,2.1369747985198404,2.3487821200745147,0.78125,3.8754866330837943,149642.53433400474,-1.2077847187935593,2.0077703338595945,2.3430504989175764,0.78125,2.9952501307480457,132099.5388032148,-0.2911903316930739,3.306467374246511,3.319264723734481,1.5625,1.8036914041371945,358243.6334893847,-0.3268037835004936,1.3592652353718362,1.3979995325466639,1.5625,3.137934061638929,60542.330751102396,9.881201625266545,4.440911252079604,10.83327458841589,0.78125,1.8545322412027723,646247.4903839113,1.3856784332361562,3.8754551429641277,4.11573289773072,0.78125,1.9079472101079398,492150.9427459311,7.32974371069864,3.0775385613538786,7.949615491402485,0.78125,2.585610680766993,310358.3205025749,3.2708655602665875,4.440911252079602,5.515455943272983,0.78125,1.8545322412027965,646247.4903839104,1.6459573532361533,3.875455142964124,4.210502128463925,0.78125,1.9079472101079347,492150.9427459302,-0.12327135430131642,3.0775385613539075,3.0800063998978247,0.78125,2.5856106807669903,310358.3205025806,-0.8748917002071643,1.510195167014583,1.74531513760856,0.78125,2.3611833486368883,74733.6391949847,0.1079113804894606,3.42640439644131,3.4281032589453133,1.5625,1.7765918096777855,384704.95795738004,-0.41425154993024665,1.579232273297919,1.6326600747385613,0.78125,2.505871587045198,81722.57434379375,2.56,CIPN_10_1,CIPN_10,neuro,uturn,2.56,0.5
9.86046129997769,1.046032008425498,9.915789429541574,1.5625,2.6785597297349906,35855.163684268926,0.09114862496330278,0.9853465709823076,0.9895534026919884,0.390625,1.107558319804036,31814.881112460796,-0.07226960646005565,1.1733006226340625,1.1755242435149393,0.390625,0.8873252039749717,45109.79950578278,-0.1897632999777581,1.0460320084255093,1.0631053911391632,1.5625,2.678559729735041,35855.16368426969,0.29739604503669564,0.9853465709823084,1.0292484017719248,0.390625,1.1075583198040428,31814.881112460844,-1.2965723214600513,1.1733006226340634,1.748637794355877,0.390625,0.8873252039749661,45109.79950578286,-1.3369775433298487,0.573225738642257,1.4546809611768068,0.390625,0.572638093016767,10767.168054030695,0.1626475563256214,0.25396483147114945,0.30158309502169633,0.390625,1.2320741757241125,2113.486065351359,0.035540714163125875,0.25759357902046476,0.26003383302139255,0.390625,0.9502467173680949,2174.303555905264,9.23143813177953,1.012626959996167,9.286811257960625,1.5625,2.986133217714296,33601.70471939967,0.3976769473285513,0.7641859887905826,0.8614680376545584,0.78125,1.5950672246480504,19135.864043046757,3.749082656984335,0.9165909222209845,3.859502518149021,1.5625,2.0517070618963245,27529.77614186815,-0.18159541177957608,1.012626959996148,1.0287809551553886,1.5625,2.9861332177142867,33601.7047193984,0.09311244767144783,0.7641859887905819,0.7698377448366686,0.78125,1.5950672246480586,19135.86404304673,-0.10376541301564327,0.9165909222209797,0.9224457597258567,1.5625,2.0517070618963373,27529.77614186786,-1.079666407448559,0.5637577483120183,1.2179911125105611,0.390625,0.9595929081138078,10414.550833567371,-0.15662975178967997,0.16380484230382863,0.22663827017491756,1.5625,2.39396184406395,879.2398386456532,-0.4567108393282342,0.35687064898818494,0.5796045642238754,0.78125,1.4714953912201698,4173.235204202473,8.207658623226926,5.056901372478942,9.64043108820403,0.78125,3.2018659173557302,837992.3997115946,-0.0651901849028092,3.6923641058232763,3.692939540552998,0.78125,1.9384301308488479,446745.43701469543,8.03790923912123,3.232362502201938,8.663495384773492,0.78125,3.237089722860637,342366.1918775899,2.274698153226958,5.056901372478958,5.544952946533785,0.78125,3.2018659173557196,837992.3997115998,2.275627870097167,3.692364105823271,4.337284276264936,0.78125,1.9384301308488538,446745.43701469403,0.6517395141212656,3.2323625022019113,3.297412885870986,0.78125,3.2370897228606346,342366.19187758426,-1.189963116011212,2.1613650407213973,2.467288198958468,0.78125,2.321106784919941,153077.3625984656,0.021748415189130205,3.2481402760893308,3.2482130851772815,1.5625,2.3273011378017663,345719.3256835942,-0.48110597562715135,1.081750092396809,1.183911408081136,1.5625,4.837809777616164,38346.35623116239,9.746590992877707,5.1124333232785535,11.006044269737144,0.78125,1.8170633840607973,856456.3853009492,1.966117908656655,3.546207428671806,4.054775796256498,0.78125,1.498169333885107,412077.2049616951,7.526817779775779,3.38142828503562,8.251487328766112,0.78125,2.8474996998329134,374671.2142822101,3.4889195228777488,5.112433323278552,6.189469599415323,0.78125,1.8170633840607866,856456.3853009489,2.018562168656643,3.5462074286717904,4.080463252609782,0.78125,1.498169333885106,412077.2049616916,-0.21329184022419437,3.381428285035621,3.38814855871834,0.78125,2.8474996998329054,374671.21428221016,-0.6128135400972667,1.2333861630487752,1.377237039193589,0.78125,2.2246428390278843,49848.28238356724,-0.02409546899141085,3.7782469275090955,3.778323760195496,1.5625,1.9100713471400053,467769.6964849899,-0.477074551962283,1.5284799909872822,1.601203051139516,0.78125,1.894812415287105,76554.64238231511,2.56,CIPN_10_2,CIPN_10,neuro,uturn,2.56,0.5
9.236678244963887,0.9109030026098823,9.281485294992006,1.5625,2.191428374132245,27189.063666584898,-0.8215089043003253,1.1294060637076253,1.3965797279726904,0.78125,1.191958829451744,41797.48698368564,2.8138925078535535,0.6577112503120873,2.8897361704040474,0.390625,3.1601933843664254,14175.618607003755,-0.5420605299639342,0.9109030026098727,1.0599876878098458,1.5625,2.1914283741322373,27189.063666584316,-0.28628044069966896,1.1294060637076253,1.1651242626719047,0.78125,1.1919588294517398,41797.48698368563,-1.1600600121464206,0.6577112503120902,1.3335378961875235,0.390625,3.160193384366479,14175.618607003884,1.0650083407956157,0.7214377849113963,1.2863573544945013,0.78125,0.8585240270410679,17054.868993201533,-0.009365619380548057,0.1439500311578377,0.144254380511386,3.515625,3.5608459858006185,679.0092006996617,0.40551557534714217,0.27177438759117867,0.4881641113392953,0.390625,1.1372788048972287,2420.300591400005,9.802028782291547,0.9349200221556373,9.846514291702388,1.5625,2.857678850462564,28642.124000170188,0.3595624594205416,0.8088234076352204,0.8851443198502708,0.78125,1.7554601244401566,21436.731814198007,-0.44034918042591265,0.7621749132273015,0.8802374674227503,1.5625,2.3584036803212705,19035.471653624256,-0.029718802291597263,0.9349200221556309,0.935392246620172,1.5625,2.8576788504626256,28642.124000169813,0.10893861557945514,0.8088234076352184,0.8161267834736311,0.78125,1.7554601244401633,21436.731814197905,0.26060965457408436,0.762174913227301,0.8054985973980758,1.5625,2.3584036803212767,19035.47165362423,0.9798327615054971,0.5889943656815758,1.1432351478694704,0.78125,1.316266864009456,11367.818636555128,0.002977593038978765,0.2065327753918376,0.206554238328244,1.5625,2.498668499539022,1397.7461816360692,0.030938807909799634,0.26404062335037715,0.26584706245158174,2.34375,3.026489831879875,2284.5078417053287,8.606967945449753,3.3212163548453386,9.225528455849656,0.78125,1.866933948648791,361446.72537753993,-4.781420854499606,2.276830938520286,5.295842190855663,0.78125,1.7969440722296155,169868.73214178617,5.288609023807483,3.662906038705994,6.433215840859591,0.78125,1.835873879171045,439644.4856885519,1.7842061404497906,3.3212163548453493,3.7701285955933876,0.78125,1.866933948648792,361446.72537754226,-1.5172365494996272,2.2768309385202747,2.736049317856067,0.78125,1.7969440722296022,169868.7321417845,-0.9143030261924832,3.662906038706004,3.7752921306958016,0.78125,1.8358738791710467,439644.4856885545,0.7371863307257862,1.1722878285458997,1.3848113370296364,0.78125,1.4775781279336986,45031.711423883666,-0.24927885413664427,2.0925682422725647,2.1073637074998155,1.5625,2.0454144605930575,143485.89251676452,0.568559793123026,1.7289217207674468,1.8200083941832705,0.78125,1.4706845640161696,97949.13310199618,8.1837675438561,2.6462511353064113,8.600970659349032,0.78125,1.5577397305938467,229462.7136274159,1.0549710151639933,1.581290437345844,1.900905912999788,1.5625,2.335341531042314,81935.9959906256,6.750228993535479,2.2901755111164714,7.128148100094763,0.78125,2.2937115347576125,171865.01350776028,1.451375458856134,2.6462511353064033,3.0181344889981765,0.78125,1.557739730593819,229462.71362741446,-0.6244813648359974,1.581290437345848,1.7001342365439425,1.5625,2.3353415310423213,81935.99599062606,-0.38502545646448016,2.2901755111164515,2.322315326100911,0.78125,2.2937115347576174,171865.0135077573,0.6779319299909199,1.44898748742223,1.5997363659076458,0.78125,1.981673879316261,68798.91789011902,0.12344479577367717,1.7510622288750193,1.7554080856018512,1.5625,2.9490460035649337,100478.1074150645,0.38580091025077023,1.1825867825547407,1.243926782661864,0.390625,2.8363294820108242,45827.3975774059,2.56,CIPN_12_1,CIPN_12,neuro,uturn,2.56,0.5
9.435212940239609,0.396073593132412,9.443522516457605,2.34375,2.4322062677647214,5140.476930821668,-0.14566306690854114,0.8176515849115826,0.830525040784217,1.5625,1.5779112375941482,21907.38524557728,2.609437021452175,0.6520086008797868,2.689661091019911,0.390625,1.1481411532953512,13930.304611222391,-0.1538100752396727,0.39607359313241747,0.4248903745933268,2.34375,2.432206267764839,5140.476930821812,-0.13140566809145748,0.8176515849115819,0.8281434440451629,1.5625,1.577911237594148,21907.385245577236,-0.46221131854780817,0.6520086008797854,0.799221195048604,0.390625,1.1481411532953454,13930.304611222335,1.0591241521743695,0.7422251295846776,1.2933066584171242,0.390625,0.6470648657860225,18051.8303511444,0.03881460122761533,0.2218263623664484,0.22519659923984128,1.5625,2.4234179219150045,1612.475037449363,0.2742052180390801,0.23628894434829484,0.36196818481890236,0.390625,1.3725387892243675,1829.5223543064262,9.389964885150864,0.4165695932910071,9.399200538898024,2.34375,3.1154462462252104,5686.258552630279,-0.3303266952373908,0.8926603688384641,0.9518183963767872,0.390625,1.6223801194905023,26110.982844865448,2.5869288388284746,0.6236824886022544,2.661048790186219,1.5625,1.8198448366482254,12746.128746986597,0.05058070484908375,0.4165695932909889,0.4196291621868647,2.34375,3.1154462462252717,5686.258552629781,0.02521117023739161,0.8926603688384662,0.8930163140724616,0.390625,1.622380119490504,26110.982844865575,0.20779292382848555,0.6236824886022521,0.65738705933589,1.5625,1.819844836648221,12746.1287469865,0.9617862019670613,0.6581319801323364,1.1654056811115754,0.390625,1.3629443869710745,14193.350517938936,0.007074826636306812,0.19039135612379562,0.19052275889927628,1.171875,2.7493601619015955,1187.8129156058624,0.30953368310254126,0.32232909517711156,0.44688605546908694,0.390625,1.5482948113265511,3404.481492555616,5.858513185460247,1.908651805510165,6.161584898294333,0.390625,1.5507434704814187,119372.24178804942,-3.5014590494488322,1.5562011645030835,3.8317068702300117,0.78125,1.6833109084545443,79356.47008584681,7.374994952953333,1.3625619461489802,7.499808371763937,0.390625,1.6654835371111303,60836.25149494946,0.9801718604602834,1.9086518055101522,2.145620793783314,0.390625,1.5507434704813903,119372.24178804782,-0.8246583044488521,1.5562011645030829,1.761199416164225,0.78125,1.68331090845452,79356.47008584673,-0.6344727420466174,1.3625619461489793,1.5030404909693709,0.390625,1.6654835371111394,60836.25149494939,0.4989779277551622,0.9536942789921494,1.0763418370430424,0.78125,1.765429257880806,29803.953115849392,-0.19539862354028625,1.332881415261496,1.3471278666967466,1.5625,1.5867360080339705,58214.75263429176,0.790115819904681,1.4767302624477492,1.6748179832126968,0.78125,1.659533289210446,71459.84502344672,5.580835800908384,2.8474232469390843,6.265265148731523,0.78125,1.4851179184440322,265677.0220780583,3.532200304627189,1.1753695596237284,3.7226244228633223,2.34375,2.50204288664229,45269.38418753373,7.832149694764178,1.5303330412795197,7.980256139900926,0.78125,2.2527560183048054,76740.29056346731,1.1911943409084051,2.847423246939081,3.086545496995194,0.78125,1.4851179184440364,265677.02207805763,0.4437866746272048,1.1753695596237308,1.2563599063432243,2.34375,2.5020428866422852,45269.384187533906,-0.497972565235783,1.5303330412795224,1.6093153491343264,0.78125,2.252756018304812,76740.2905634676,0.49628636423857136,1.0501864569014936,1.1615471361888212,0.390625,1.5657035314330845,36139.63268815801,0.4914099966003985,1.173078059442968,1.2718474430155857,0.78125,1.999768964149972,45093.91925257776,0.7421355439649142,1.6197734250909432,1.781693327777523,0.390625,1.0647135387332793,85972.9158308902,2.56,CIPN_13_1,CIPN_13,neuro,uturn,2.56,0.5
9.487181060137083,0.4787760008652026,9.499254230034495,3.125,3.543996752797841,7511.444505144068,-0.10983172630487806,0.8451456062297288,0.8522523709750096,0.78125,1.407824548667004,23405.826708186374,2.311489236756012,0.3499335089184231,2.337827186150176,0.78125,1.8196760912664132,4012.55779382334,-0.47608784013714384,0.4787760008652045,0.6751933726947628,3.125,3.5439967527978338,7511.444505144125,-0.571781788695117,0.8451456062297288,1.0203947812551781,0.78125,1.4078245486670105,23405.82670818637,-1.270176098243967,0.34993350891842256,1.3174979245578442,0.78125,1.819676091266427,4012.5577938233273,1.054735518306865,0.7141207476781255,1.2737485842356866,0.390625,0.5565388059917901,16710.646912888813,0.005845708229912141,0.21065757515496267,0.21073866820039933,0.78125,1.8899445761196796,1454.1402660687636,0.2540645395352703,0.2817335820603793,0.37937132404787977,0.390625,1.0218545687759701,2600.9212213059104,9.366898852975677,0.39600539206598717,9.375266097152785,3.125,3.393958840847037,5138.740399616997,-0.3430779290117882,0.9915102863542008,1.0491878350997055,0.390625,1.5887151452788357,32214.07935529522,2.581667897298146,0.5824101197745866,2.646546935075152,0.78125,1.8067300208094856,11114.956419213875,-0.03815783297572186,0.39600539206599694,0.3978395289092665,3.125,3.3939588408468677,5138.74039961725,0.046178279011789974,0.9915102863542009,0.992585049957272,0.390625,1.5887151452788382,32214.07935529523,-0.21486389770183445,0.5824101197745891,0.6207801882723673,0.78125,1.8067300208094805,11114.956419213973,0.9298504189747772,0.7373009789265618,1.186690581067211,0.390625,0.8626659083855828,17813.171048903554,0.038249229386798506,0.21526696043966598,0.21863866951117464,1.953125,3.0099413975200644,1518.4660945784879,0.2803019102956747,0.3575680815595709,0.4543391837224657,0.390625,1.9471923208651802,4189.6442838504945,6.03448419113975,2.0824854273712257,6.3837093455395575,1.953125,1.9700105836767372,142106.50748545752,-3.780600553819167,2.4488163563626886,4.504402523612563,0.78125,1.5346953714166172,196499.96049852195,7.33753229731252,1.7593554236440683,7.54550937450946,0.78125,1.9221641595668058,101427.95896664444,0.8786719211397868,2.0824854273712243,2.26026766118816,1.953125,1.9700105836767383,142106.50748545743,-1.1400379488191852,2.448816356362696,2.701182717243934,0.78125,1.5346953714166105,196499.96049852314,-0.5197822976874272,1.759355423644077,1.8345313144492927,0.78125,1.9221641595667953,101427.9589666454,0.569517305836177,1.2574097336465357,1.3803728481522484,0.78125,1.9549545934268784,51808.808955762186,-0.2746360787468657,1.2702443772834966,1.2995944574250047,1.5625,2.074694203222025,52871.84896675506,0.9112963079777334,1.7929316150799626,2.0112346300934387,0.78125,1.714504837298935,105336.13675969555,5.633871614688152,3.144062347477633,6.4517933487996535,1.171875,1.569446418689333,323918.67319851083,3.40346299832441,1.548139822000056,3.739023574334046,1.953125,2.5541114194122065,78537.80116153166,7.901423086334093,1.3669652440074278,8.018795468621061,0.78125,2.9408684254089903,61230.45296299239,1.1233562396881784,3.1440623474776377,3.33872090568723,1.171875,1.569446418689339,323918.6731985118,0.17676760832442207,1.548139822000047,1.5581988627306445,1.953125,2.55411141941222,78537.80116153078,-0.3391485886658617,1.3669652440074256,1.4084089404424862,0.78125,2.9408684254089894,61230.452962992196,0.445945733700578,0.9935523035000104,1.0890425965938724,0.390625,1.6273967326646972,32347.010127131034,0.5307544600381381,1.2729312083552504,1.3791497953649319,0.78125,2.077615489927396,53097.58878611833,0.614500446566899,1.7088676413922024,1.8159954335372834,0.390625,1.127451113711699,95690.78618709657,2.56,CIPN_13_2,CIPN_13,neuro,uturn,2.56,0.5
9.652152767923713,0.5313008073853316,9.666764381284242,3.515625,3.0434840409025843,9249.780922519292,-0.3773469167405483,0.638484796718397,0.7416559385686405,0.78125,1.792208311305068,13358.524673864835,1.938744138256364,0.5585300769136019,2.0175937847942844,0.390625,1.194196255565207,10222.17320812217,-0.2614517879237568,0.5313008073853248,0.5921465910877366,3.515625,3.043484040902521,9249.780922519058,-0.9500196582594437,0.6384847967183986,1.144639762859881,0.78125,1.792208311305061,13358.524673864904,-0.48754354174362474,0.5585300769136045,0.7413869110748008,0.390625,1.1941962555652197,10222.173208122265,1.171243525107323,0.6376292808122478,1.3335600829565095,0.390625,0.6499391031005529,13322.526375205169,0.00421852904214861,0.14861345126862716,0.1486733126194882,1.953125,3.437375633262231,723.7208037092864,0.24383074048849845,0.19722969833033793,0.31361279296394395,0.390625,1.3470879142372663,1274.660586123964,9.449914161546179,0.48742907823656234,9.462476671934338,1.171875,2.98592690903121,7785.257602802387,-0.09116983548831785,0.9146145126865475,0.9191472383246427,0.78125,2.1714719687401742,27411.282019013426,2.5809217762162353,0.6699037703019485,2.6664448759372346,1.953125,2.411439574120755,14705.455541104298,0.08388528845377433,0.4874290782365511,0.49459462990362807,1.171875,2.9859269090313427,7785.2576028020285,-0.36306749951167994,0.9146145126865455,0.9840415214910958,0.78125,2.171471968740176,27411.282019013313,0.6077530912162494,0.6699037703019451,0.9045080880498902,1.953125,2.41143957412074,14705.455541104151,0.8715009274270651,0.6057924681920508,1.0613662803313715,0.390625,0.9998133569858643,12025.461612770692,0.009061920832565821,0.2570693630501282,0.2572290337970702,1.5625,2.9408676022592335,2165.4645178259448,0.22870610267875868,0.33789382772735693,0.4080180390849793,0.390625,2.0539728822963847,3741.230319162861,5.961280001097068,3.3647503804472496,6.845319888376274,2.34375,2.0442054514913384,370984.39358331164,-3.517514691655813,1.940336507000112,4.017189983858354,0.78125,2.1437822814805845,123368.432017704,7.899091533743285,1.9632139782152198,8.139401463419437,0.78125,2.4036576140321273,126294.72503254916,1.1729356160971003,3.3647503804472585,3.5633303358275743,2.34375,2.044205451491339,370984.3935833135,-0.8618152566558313,1.9403365070001066,2.1231182955742556,0.78125,2.1437822814805845,123368.43201770335,-0.18715412625666752,1.9632139782152151,1.9721145482031484,0.78125,2.403657614032118,126294.7250325486,0.39488326393580453,1.2357541674617236,1.297313051863586,0.78125,1.6575539798754741,50039.64533577603,-0.1452023058347941,1.7367849122726382,1.7428440954708533,1.5625,1.8449168229457646,98842.1654095841,0.5575269393034632,1.576791510788939,1.6724556067486969,0.78125,1.8662042763278992,81470.14348766266,5.711560906112996,3.080723140098906,6.489436265977127,2.34375,3.459884499813105,311021.1273848605,2.9166976340319795,1.9887573720263372,3.5301955998438457,1.5625,2.3867683824801795,129603.813074939,7.9623373363894085,1.829460547107334,8.169806714475138,1.953125,2.605295656025005,109672.18480028555,1.5059305211130116,3.0807231400988813,3.429093437099727,2.34375,3.4598844998130867,311021.1273848555,-0.48735274596800204,1.9887573720263425,2.0476006895368237,1.5625,2.386768382480185,129603.81307493965,-0.3503819836105542,1.8294605471073235,1.8627113109285331,1.953125,2.6052956560250213,109672.1848002843,0.5302151494812057,1.1258683919540884,1.2444708677750003,0.78125,1.965072060657759,41536.194273360336,0.24982229291075406,1.330396503323458,1.3536491547260208,1.171875,2.0327561613231446,57998.46276197432,0.9079483957290602,1.2315918255227427,1.5300943480718487,0.78125,1.646220303956935,49703.264781549675,2.56,CIPN_13_3,CIPN_13,neuro,uturn,2.56,0.5
9.47273782100041,0.45415576422206927,9.483618469950576,2.34375,2.6016045260018275,6758.830379007808,0.08991402108443632,0.6384930075714369,0.6447928751972927,0.78125,1.1686968861131615,13358.651427482553,2.351968321052927,0.8005158564735775,2.48446787455627,0.390625,1.3366137564073592,20999.328915043403,-0.08203684100045512,0.45415576422208537,0.46150568951799537,2.34375,2.601604526001831,6758.830379008287,-1.4172805960844284,0.6384930075714378,1.5544637688782108,0.78125,1.1686968861131666,13358.651427482591,-0.07431935894705755,0.8005158564735794,0.8039583344800463,0.390625,1.3366137564073413,20999.3289150435,0.8649352383929326,0.537660478515278,1.018426117482813,0.390625,0.8186955959805611,9472.684642134653,0.10474511917816146,0.16534061868593644,0.1957270042152985,2.34375,2.514590402433143,895.8077131420805,0.22224812387275836,0.13619398364045696,0.2606588378413784,0.390625,2.4604821451062815,607.8477555464963,9.42287214252601,0.4222521791102713,9.432328255375557,2.34375,2.673211851725502,5842.453576196975,-0.02469620006334762,0.9026699809034529,0.9030077500895597,0.78125,1.7021319041382033,26699.79828769581,2.5328601822960244,0.49858344916749164,2.5814658934110293,1.953125,2.028710061415821,8145.653105491492,0.11092730747393675,0.4222521791102674,0.4365796265365422,2.34375,2.6732118517255645,5842.453576196867,-0.4295411349366488,0.9026699809034526,0.999659282469234,0.78125,1.702131904138203,26699.79828769579,0.5596914972960368,0.49858344916749275,0.7495598894879805,1.953125,2.0287100614158393,8145.65310549153,0.9415610385648403,0.4564752741571282,1.0463779743764325,0.390625,1.2588290255184904,6827.983600180795,-0.002699475925350092,0.1947026385485436,0.19472135123821516,1.5625,2.9163778564431393,1242.2083382219962,0.293005372349852,0.2188536842158781,0.3657172176979622,2.34375,3.3082849573797457,1569.5277145163134,5.305813979033045,2.5368259377153373,5.881083898259552,1.5625,1.9297995985770215,210878.00779701953,-3.5505236340816824,2.0742052159827558,4.112000164662287,0.78125,2.0061212972442775,140978.6800742702,7.900433481019398,1.4482461021663462,8.032077312903077,0.78125,2.636451159551401,68728.15315667084,0.5174695940330758,2.5368259377153475,2.5890655880093316,1.5625,1.929799598577034,210878.00779702122,-0.894824199081697,2.074205215982747,2.2589903995529137,0.78125,2.006121297244261,140978.68007426904,-0.185812178980564,1.4482461021663442,1.4601174398991044,0.78125,2.6364511595514175,68728.15315667067,0.6305480349408512,1.1282009150308587,1.292450435817264,0.78125,1.6736154062566233,41708.33295465551,-0.24638323301685405,0.8169291163133688,0.8532747966466483,1.5625,2.852066195507019,21868.485188696963,0.8022757231043887,1.6641027904373416,1.847399370202344,0.78125,2.1024875316900826,90742.39560236668,4.582782090826596,1.6271963576896742,4.863091576197133,2.34375,2.735374622798655,86763.06720339043,3.467501365357333,1.694147848552594,3.8592360191507273,1.171875,3.4063639091850813,94057.21710169474,8.475948030775767,0.8548747340558414,8.518949808006774,0.390625,1.7960816970863016,23947.228149386938,0.37715170582662677,1.6271963576896826,1.6703327200550508,2.34375,2.7353746227986666,86763.06720339137,0.06345098535734783,1.694147848552596,1.695335648270928,1.171875,3.406363909185089,94057.21710169494,0.16322871077580392,0.8548747340558246,0.8703185755506703,0.390625,1.796081697086271,23947.228149386003,0.42244752449369316,0.5660498182678223,0.7063103480141603,0.78125,2.1184477407742293,10499.580283649486,0.2305937208643448,1.2346949279471804,1.256043402594256,1.171875,1.6785028356677794,49954.18445112355,0.6169610456133221,1.3278046519749436,1.4641400635221293,0.78125,1.3709376412436223,57773.054625285884,2.56,CIPN_13_3,CIPN_13,neuro,uturn,2.56,0.5
9.506512860809057,0.6358622319060403,9.52775459122938,1.953125,2.7747918218953695,13248.931911186583,-0.025642580577591834,0.7998705367931495,0.8002814614674261,0.390625,1.5488538308411808,20965.109847057825,2.4545760524775293,0.44710112074776015,2.4949635287053944,1.171875,1.8120819201244696,6550.345016164068,-0.1581616508091196,0.6358622319060468,0.655237274390892,1.953125,2.7747918218952594,13248.93191118685,-1.1085160444224036,0.79987053679315,1.3669677012905808,0.390625,1.5488538308411899,20965.109847057854,-0.10082103752245608,0.4471011207477578,0.45832771439332093,1.171875,1.812081920124484,6550.3450161639985,1.141796549227921,0.7226101502300719,1.3512456434876359,0.390625,0.7579685633307283,17110.345231575397,0.03619331026975946,0.21048249441548578,0.21357161834768232,1.171875,2.2455672759797936,1451.7592127656856,0.28125014829273803,0.3159564474263993,0.42300132693054077,0.78125,1.1625410683034274,3271.1996439650216,9.472889345832225,0.5459661387432053,9.488609570587034,1.171875,3.448153288102332,9767.876786632653,-0.17145369064993599,0.8567344984534674,0.8737221348219343,0.78125,1.8140238997509646,24051.664922225173,2.536972630268062,0.7739610245015315,2.6524037766103237,1.5625,1.903583526578297,19628.547637178493,-0.04324757083229323,0.5459661387432122,0.547676343324291,1.171875,3.4481532881024677,9767.876786632898,-0.03373717435006373,0.8567344984534706,0.8573985058147969,0.78125,1.8140238997509666,24051.664922225355,0.11632079526808081,0.7739610245015357,0.7826533043814902,1.5625,1.9035835265782992,19628.5476371787,0.9625285018326579,0.5586961253775484,1.1129251894678753,0.390625,0.8365713944718127,10228.251880249214,-0.0292912266407866,0.2861735741589375,0.2876687165908432,0.78125,2.783662955943659,2683.580969709326,0.2684046654752795,0.33432556136943165,0.428736102321559,0.78125,2.99807416458587,3662.8219211163782,5.79932268856346,3.4527969935433895,6.749366690639144,2.34375,2.0207787617435824,390653.8083945624,-3.774098457359612,2.058091574624389,4.298785886199044,0.78125,1.91689096121465,138796.7904017917,7.995672558699411,2.066122679021318,8.258307489474161,3.125,2.7012022345998585,139882.258756221,1.0330311835634856,3.4527969935433958,3.604020047785096,2.34375,2.020778761743584,390653.80839456373,-1.197006552359631,2.0580915746243957,2.380874968563409,0.78125,1.9168909612146519,138796.7904017926,-0.14239933130055304,2.066122679021316,2.0710240207011275,3.125,2.7012022345998465,139882.25875622075,0.4200256405284385,1.083150098740144,1.1617382128096279,0.78125,1.8648466671089887,38443.92993232237,-0.1354094924590272,1.7699557078877024,1.7751278654035796,1.5625,2.2262181420101457,102655.64468155353,0.5879531174127289,1.7991590396796224,1.8927921487411785,1.5625,1.8875317611010367,106069.2920830651,5.472963025258019,2.406789421272908,5.978792486296259,1.953125,2.3943804043140444,189815.69816586198,3.287159433836,2.0431016158670037,3.870359331666166,1.171875,1.7577278348329968,136783.27232199124,8.109332711131586,1.0226192873638993,8.17355658368604,3.125,3.253029225170788,34267.51034743239,1.128854680258049,2.4067894212729177,2.6583732257701755,1.953125,2.394380404314014,189815.69816586346,0.0348599438360159,2.0431016158670072,2.0433989890480584,1.171875,1.757727834833004,136783.2723219917,-0.1986532838683693,1.022619287363904,1.041735731402329,3.125,3.2530292251708284,34267.5103474327,0.5887260496281705,0.7598791140598213,0.9612567968525008,0.78125,2.4339934474517495,18921.150218366867,0.42993143289010494,1.4082169303048047,1.4723844470056133,0.78125,1.6737991448181713,64981.70198412968,0.9804164238813419,1.6031467366875902,1.87917423981076,0.78125,1.7407412984600146,84216.56960966624,2.56,CIPN_13_4,CIPN_13,neuro,uturn,2.56,0.5
9.091019918856642,0.628601776250495,9.112726450308575,0.390625,2.477382059312037,12948.340111558537,0.3017980278772645,0.48112308174006535,0.5679449528023501,0.78125,1.5652190923530227,7585.165837124247,3.3822908108565497,0.8953606558560998,3.49879433994908,0.390625,0.9876138140532522,26269.697110214773,0.25733129114329145,0.6286017762505008,0.6792345592700346,0.390625,2.477382059312148,12948.34011155878,-1.435956652877259,0.4811230817400661,1.5144143847459715,0.78125,1.5652190923530225,7585.16583712427,0.826893720856561,0.8953606558561017,1.218779688724372,0.390625,0.9876138140532716,26269.69711021488,0.8673913397830151,0.7931495982876885,1.1753527222049114,0.390625,0.6864049229809605,20614.04382297446,0.08909187245234812,0.220182755448034,0.2375243304037593,0.78125,1.6538975362821073,1588.6073606331831,0.22525966317066304,0.28511592794937285,0.36336346572294875,0.390625,0.7966383648247977,2663.7527655260783,9.500333886926207,0.4520878454162561,9.511084448318789,1.5625,2.889567237437703,6697.2480723342205,-0.14279857645893412,0.8904810236251028,0.9018580192442207,0.78125,1.4027508424563222,25983.60303074694,2.3802728334851015,0.5662818990742237,2.446706756243237,1.953125,2.2333418861327545,10508.04571174051,-0.07069211192625777,0.45208784541625874,0.45758146232305963,1.5625,2.8895672374377948,6697.2480723343,-0.06239228854106592,0.8904810236251058,0.8926641311858609,0.78125,1.4027508424563204,25983.60303074711,-0.04037900151488105,0.5662818990742233,0.5677196957852066,1.953125,2.23334188613275,10508.045711740497,0.9936832009271135,0.5429336257038773,1.1323352973941563,0.390625,0.8973506678184224,9659.305767257016,-0.027157128410599092,0.2562075080865483,0.25764276978682804,1.5625,2.452676736633011,2151.0167698358423,0.3043474946655514,0.23631038431609724,0.38531804427617894,0.78125,2.0595184727236773,1829.8530212097023,5.32550862229364,2.6341855102484493,5.941378239813282,1.5625,1.8901240802304415,227374.96984082457,-3.668986580404626,2.064216244911003,4.20980417988102,0.78125,1.745852174358601,139624.08004486124,7.821822374298206,1.6371873828527916,7.991325783726026,2.734375,2.712810325005894,87830.77615215676,0.5592171172936601,2.634185510248434,2.6928900992571223,1.5625,1.8901240802304473,227374.96984082193,-1.0918946754046384,2.064216244911007,2.335213627900347,0.78125,1.7458521743586168,139624.0800448618,-0.3162495157017643,1.6371873828527836,1.667452033119378,2.734375,2.71281032500587,87830.7761521559,0.6639555403700044,1.0877534439335903,1.274380050996331,0.78125,1.5763451440648553,38771.350624929975,-0.30858131340922007,0.8020683149910516,0.8593811778820525,1.953125,2.8295546038121873,21080.13216245554,0.8568454795568133,1.830233816330107,2.0208760472317975,0.78125,2.0456326433474663,109764.7990553204,4.668622430155461,1.6322477533432318,4.945732314192178,2.34375,2.7290928504644074,87303.08507659049,3.7716861282639433,1.11506772705455,3.933063981942991,0.78125,1.7930066612930118,40743.038939990154,8.378181209778733,1.0466215104469847,8.443301307546697,2.734375,3.166660475119759,35897.123215433,0.3245140851554775,1.6322477533432347,1.6641941352373326,2.34375,2.729092850464415,87303.08507659081,0.5193866382639647,1.115067727054556,1.2300969538722368,0.78125,1.7930066612930404,40743.03893999058,0.07019521477877014,1.0466215104469836,1.0489728091367112,2.734375,3.166660475119725,35897.12321543292,0.4751670196213984,0.5606323433556917,0.7349097366019697,0.78125,2.0242722337617223,10299.322646318327,0.3343689641665856,1.4810499275731888,1.5183252260837872,1.171875,1.7146919612698994,71877.60008293513,0.7658659751000594,1.6898477264241802,1.85529944491905,0.78125,1.2673519990702746,93572.02899567487,2.56,CIPN_13_4,CIPN_13,neuro,uturn,2.56,0.5
9.646687891877036,1.2594800459821136,9.728559876441842,1.5625,2.0921678513036093,51979.67195055779,0.42465705847751833,1.7700125427678635,1.82024119799282,0.78125,1.3628346818204018,102660.48970484757,-1.1190400911883533,1.974624047229574,2.269667564553043,0.390625,1.1502910287046468,127767.02902158935,-0.10371118687708566,1.2594800459821018,1.263742852209472,1.5625,2.0921678513035946,51979.67195055683,-0.8034898284775125,1.7700125427678595,1.9438467804902644,0.78125,1.3628346818204025,102660.48970484712,-2.8769969961883404,1.9746240472295773,3.4894486446964725,0.390625,1.1502910287046508,127767.0290215898,-1.3570607795784504,1.0485064972576235,1.7149285216187649,0.78125,1.0579000493137656,36024.02988481957,0.06245529333102692,0.42461970914179664,0.4291882582931744,0.390625,1.5328450449668856,5908.14437597064,0.11878895112913283,0.3049916166605804,0.32730826623168857,0.390625,1.1621685608767007,3048.0801174009766,9.83994928710834,1.4896689015886535,9.952070910580584,1.5625,2.2830306764805317,72715.92790485735,-0.29694189246315755,1.1268253155287342,1.1652938595976694,0.78125,3.2163325219462493,41606.85677284066,0.27293695066822654,1.2582977516190907,1.2875588572060421,1.5625,2.4152188749593746,51882.04264337469,-0.0706755021083896,1.4896689015886664,1.4913445151803981,1.5625,2.2830306764805055,72715.92790485863,0.43605750246315667,1.126825315528733,1.2082555347155812,0.78125,3.2163325219462484,41606.8567728406,0.7717656406682234,1.2582977516190885,1.476121755088545,1.5625,2.415218874959376,51882.0426433745,-1.1878533457572558,0.6675776791278447,1.3625914753499768,0.390625,1.172678937856225,14603.388036460765,-0.08213782920393603,0.3428792802092838,0.35258023736898747,1.5625,2.273214401009631,3852.466208641795,-0.06955102377627086,0.4023013013816666,0.40826912937633425,2.34375,2.6493907739625335,5303.385721075285,9.138597751575453,3.748668549422346,9.877574841960357,2.34375,2.594664872164466,460472.8527919422,1.2874311017339855,4.367494188957785,4.553293789367429,0.78125,1.8101732909014674,625049.7807700704,7.786900208261288,3.670522275270636,8.608632215786526,1.5625,2.739002781792232,441474.5586066429,2.255936086575504,3.7486685494223653,4.375130114652818,2.34375,2.5946648721644494,460472.8527919468,1.4182866917339756,4.367494188957758,4.5920085616785915,0.78125,1.81017329090145,625049.7807700625,0.7894173982613287,3.6705222752706446,3.7544525036196257,1.5625,2.7390027817922458,441474.5586066449,-1.126014810851716,2.0921382346995396,2.375910719566106,0.78125,1.336723834490912,143426.92604954998,0.01796487446193299,2.6995631504382915,2.699622925506217,1.5625,1.9197365078882944,238801.42793242665,-0.3101127644421707,1.295345065857854,1.3319492356363485,1.5625,3.4237970767703714,54982.0452890054,11.005059159260398,5.428180925995544,12.270960649605353,0.78125,1.6356782856709264,965515.7157843189,3.8739881359412505,4.08151996865536,5.627307467336934,0.78125,1.6673969746093673,545875.8425294604,5.940962586278724,4.305990531748373,7.3373422239302855,0.78125,2.2577045652841687,607572.6056696657,4.00290188426045,5.42818092599556,6.744506776655938,0.78125,1.6356782856709167,965515.7157843247,2.560473280941255,4.081519968655355,4.818176903865869,0.78125,1.6673969746093673,545875.8425294595,-1.0222882287212405,4.305990531748366,4.425678217187574,0.78125,2.2577045652841776,607572.6056696636,-0.6461953368418373,1.5075766097744527,1.6402303642157001,1.5625,2.478580513221686,74474.69508815993,-0.013930755809327594,3.4381695839961823,3.438197806158613,1.5625,1.9892157080376147,387351.0764857107,-0.47611661943147277,2.181825103347758,2.233169903275903,0.78125,2.014830105294784,155987.58203676392,2.56,CIPN_14_1,CIPN_14,neuro,uturn,2.56,0.5
