Feature,d_healthy_vs_neuro,d_healthy_vs_neuro_interp,d_healthy_vs_ortho,d_healthy_vs_ortho_interp,d_neuro_vs_ortho,d_neuro_vs_ortho_interp
HE_Acc_X_mean,-0.186792,Negligible,-0.069851,Negligible,0.149387,Negligible
HE_Acc_X_std,1.386694,Large,1.178363,Large,-0.223298,Small
HE_Acc_X_rms,-0.071916,Negligible,0.130950,Negligible,0.135480,Negligible
HE_Acc_X_dom_freq,-0.139394,Negligible,0.162014,Negligible,0.239664,Small
HE_Acc_X_spec_centroid,0.470645,Small,-0.187135,Negligible,-0.644578,Medium
HE_Acc_X_spec_power,1.384652,Large,1.069298,Large,-0.160797,Negligible
HE_Acc_Y_mean,-0.040265,Negligible,0.265000,Small,0.224827,Small
HE_Acc_Y_std,0.235621,Small,-0.114558,Negligible,-0.357550,Small
HE_Acc_Y_rms,-0.035072,Negligible,-0.072889,Negligible,-0.020685,Negligible
HE_Acc_Y_dom_freq,0.058371,Negligible,0.272993,Small,0.223507,Small
HE_Acc_Y_spec_centroid,0.239865,Small,-0.133232,Negligible,-0.363965,Small
HE_Acc_Y_spec_power,0.238930,Small,-0.072784,Negligible,-0.324003,Small
HE_Acc_Z_mean,0.564104,Medium,-0.091349,Negligible,-0.671200,Medium
HE_Acc_Z_std,0.910613,Large,0.411473,Small,-0.455144,Small
HE_Acc_Z_rms,0.798976,Medium,0.139991,Negligible,-0.637378,Medium
HE_Acc_Z_dom_freq,0.101477,Negligible,0.225729,Small,0.127637,Negligible
HE_Acc_Z_spec_centroid,0.367328,Small,-0.029702,Negligible,-0.398569,Small
HE_Acc_Z_spec_power,0.786883,Medium,0.358207,Small,-0.360120,Small
HE_FreeAcc_X_mean,0.084065,Negligible,-0.651323,Medium,-1.137001,Large
HE_FreeAcc_X_std,0.556795,Medium,0.317852,Small,-0.268548,Small
HE_FreeAcc_X_rms,0.747835,Medium,0.173429,Negligible,-0.577983,Medium
HE_FreeAcc_X_dom_freq,-0.863474,Large,0.623702,Medium,1.386000,Large
HE_FreeAcc_X_spec_centroid,0.021904,Negligible,-0.117056,Negligible,-0.135096,Negligible
HE_FreeAcc_X_spec_power,0.508784,Medium,0.347110,Small,-0.171249,Negligible
HE_FreeAcc_Y_mean,-0.127674,Negligible,0.436629,Small,0.478742,Small
HE_FreeAcc_Y_std,1.132533,Large,0.707514,Medium,-0.302613,Small
HE_FreeAcc_Y_rms,0.778299,Medium,0.630661,Medium,-0.147503,Negligible
HE_FreeAcc_Y_dom_freq,1.041621,Large,-0.227384,Small,-1.245715,Large
HE_FreeAcc_Y_spec_centroid,0.644549,Medium,-0.199955,Negligible,-0.828763,Large
HE_FreeAcc_Y_spec_power,1.244857,Large,0.705260,Medium,-0.307409,Small
HE_FreeAcc_Z_mean,0.158730,Negligible,0.390528,Small,0.256306,Small
HE_FreeAcc_Z_std,0.910613,Large,0.411473,Small,-0.455144,Small
HE_FreeAcc_Z_rms,0.347679,Small,0.196300,Negligible,-0.148123,Negligible
HE_FreeAcc_Z_dom_freq,0.101477,Negligible,0.225729,Small,0.127637,Negligible
HE_FreeAcc_Z_spec_centroid,0.367328,Small,-0.029702,Negligible,-0.398569,Small
HE_FreeAcc_Z_spec_power,0.786883,Medium,0.358207,Small,-0.360120,Small
HE_Gyr_X_mean,0.051994,Negligible,0.295942,Small,0.236508,Small
HE_Gyr_X_std,0.399610,Small,0.084920,Negligible,-0.295456,Small
HE_Gyr_X_rms,0.353833,Small,0.195957,Negligible,-0.140333,Negligible
HE_Gyr_X_dom_freq,-0.113498,Negligible,0.319394,Small,0.318616,Small
HE_Gyr_X_spec_centroid,0.011911,Negligible,0.181509,Negligible,0.185467,Negligible
HE_Gyr_X_spec_power,0.260815,Small,0.012268,Negligible,-0.233387,Small
HE_Gyr_Y_mean,-0.201478,Small,-0.039109,Negligible,0.183221,Negligible
HE_Gyr_Y_std,0.725214,Medium,0.365317,Small,-0.258340,Small
HE_Gyr_Y_rms,0.752621,Medium,0.471676,Small,-0.183206,Negligible
HE_Gyr_Y_dom_freq,-0.156730,Negligible,0.130850,Negligible,0.264416,Small
HE_Gyr_Y_spec_centroid,-0.121168,Negligible,0.023243,Negligible,0.144695,Negligible
HE_Gyr_Y_spec_power,0.611132,Medium,0.181263,Negligible,-0.320479,Small
HE_Gyr_Z_mean,0.021655,Negligible,0.111193,Negligible,0.113418,Negligible
HE_Gyr_Z_std,0.939509,Large,0.285107,Small,-0.538454,Medium
HE_Gyr_Z_rms,0.942536,Large,0.316243,Small,-0.506701,Medium
HE_Gyr_Z_dom_freq,0.115368,Negligible,0.462005,Small,0.260306,Small
HE_Gyr_Z_spec_centroid,-0.023875,Negligible,0.178475,Negligible,0.205651,Small
HE_Gyr_Z_spec_power,0.864612,Large,0.151532,Negligible,-0.553658,Medium
LB_Acc_X_mean,0.499523,Small,-0.236844,Small,-0.700030,Medium
LB_Acc_X_std,1.672412,Large,1.159205,Large,-0.353881,Small
LB_Acc_X_rms,0.744870,Medium,0.050433,Negligible,-0.720784,Medium
LB_Acc_X_dom_freq,-0.142273,Negligible,-0.255122,Small,-0.065441,Negligible
LB_Acc_X_spec_centroid,0.505318,Medium,-0.280671,Small,-0.763961,Medium
LB_Acc_X_spec_power,1.642034,Large,1.032992,Large,-0.327077,Small
LB_Acc_Y_mean,0.184865,Negligible,-0.375808,Small,-0.425496,Small
LB_Acc_Y_std,0.916483,Large,0.265651,Small,-0.677747,Medium
LB_Acc_Y_rms,0.442613,Small,0.201266,Small,-0.267247,Small
LB_Acc_Y_dom_freq,1.510562,Large,0.805898,Large,-0.340917,Small
LB_Acc_Y_spec_centroid,0.931661,Large,0.181149,Negligible,-0.769915,Medium
LB_Acc_Y_spec_power,0.921902,Large,0.327832,Small,-0.590559,Medium
LB_Acc_Z_mean,0.063780,Negligible,0.006917,Negligible,-0.059263,Negligible
LB_Acc_Z_std,1.443988,Large,1.203097,Large,-0.092307,Negligible
LB_Acc_Z_rms,0.024044,Negligible,0.346649,Small,0.271562,Small
LB_Acc_Z_dom_freq,0.437892,Small,0.794121,Medium,0.211630,Small
LB_Acc_Z_spec_centroid,0.489392,Small,-0.179484,Negligible,-0.646753,Medium
LB_Acc_Z_spec_power,1.497387,Large,1.102555,Large,-0.131194,Negligible
LB_FreeAcc_X_mean,0.079735,Negligible,0.313751,Small,0.190785,Negligible
LB_FreeAcc_X_std,1.672412,Large,1.159205,Large,-0.353881,Small
LB_FreeAcc_X_rms,1.662794,Large,1.154210,Large,-0.346504,Small
LB_FreeAcc_X_dom_freq,-0.142273,Negligible,-0.255122,Small,-0.065441,Negligible
LB_FreeAcc_X_spec_centroid,0.505318,Medium,-0.280671,Small,-0.763961,Medium
LB_FreeAcc_X_spec_power,1.642034,Large,1.032992,Large,-0.327077,Small
LB_FreeAcc_Y_mean,0.067488,Negligible,0.078969,Negligible,-0.017227,Negligible
LB_FreeAcc_Y_std,0.916483,Large,0.265651,Small,-0.677747,Medium
LB_FreeAcc_Y_rms,0.724311,Medium,0.243708,Small,-0.499712,Small
LB_FreeAcc_Y_dom_freq,1.510562,Large,0.805898,Large,-0.340917,Small
LB_FreeAcc_Y_spec_centroid,0.931661,Large,0.181149,Negligible,-0.769915,Medium
LB_FreeAcc_Y_spec_power,0.921902,Large,0.327832,Small,-0.590559,Medium
LB_FreeAcc_Z_mean,0.019055,Negligible,-0.256211,Small,-0.263912,Small
LB_FreeAcc_Z_std,1.443988,Large,1.203097,Large,-0.092307,Negligible
LB_FreeAcc_Z_rms,1.092194,Large,0.828412,Large,-0.199577,Negligible
LB_FreeAcc_Z_dom_freq,0.437892,Small,0.794121,Medium,0.211630,Small
LB_FreeAcc_Z_spec_centroid,0.489392,Small,-0.179484,Negligible,-0.646753,Medium
LB_FreeAcc_Z_spec_power,1.497387,Large,1.102555,Large,-0.131194,Negligible
LB_Gyr_X_mean,0.046350,Negligible,0.387489,Small,0.395433,Small
LB_Gyr_X_std,0.478851,Small,0.489239,Small,-0.039804,Negligible
LB_Gyr_X_rms,0.467478,Small,0.463326,Small,-0.041393,Negligible
LB_Gyr_X_dom_freq,0.163833,Negligible,0.555436,Medium,0.348749,Small
LB_Gyr_X_spec_centroid,0.267109,Small,0.421172,Small,0.178448,Negligible
LB_Gyr_X_spec_power,0.386005,Small,0.458503,Small,0.038872,Negligible
LB_Gyr_Y_mean,-0.222244,Small,-0.421861,Small,-0.220006,Small
LB_Gyr_Y_std,-0.184080,Negligible,0.636151,Medium,0.696497,Medium
LB_Gyr_Y_rms,-0.180567,Negligible,0.634874,Medium,0.692571,Medium
LB_Gyr_Y_dom_freq,0.402349,Small,0.588775,Medium,0.182242,Negligible
LB_Gyr_Y_spec_centroid,0.246091,Small,0.686651,Medium,0.431921,Small
LB_Gyr_Y_spec_power,-0.165533,Negligible,0.529718,Medium,0.627667,Medium
LB_Gyr_Z_mean,-0.247087,Small,0.129024,Negligible,0.398226,Small
LB_Gyr_Z_std,0.417708,Small,1.337355,Large,0.747994,Medium
LB_Gyr_Z_rms,0.416623,Small,1.330349,Large,0.748410,Medium
LB_Gyr_Z_dom_freq,0.623928,Medium,0.678926,Medium,0.024635,Negligible
LB_Gyr_Z_spec_centroid,0.006938,Negligible,0.201306,Small,0.191244,Negligible
LB_Gyr_Z_spec_power,0.383046,Small,1.100908,Large,0.681661,Medium
LF_Acc_X_mean,1.050090,Large,1.249450,Large,0.160583,Negligible
LF_Acc_X_std,1.698833,Large,1.252343,Large,-0.369383,Small
LF_Acc_X_rms,1.484332,Large,1.411192,Large,-0.056004,Negligible
LF_Acc_X_dom_freq,-0.040175,Negligible,-0.018282,Negligible,0.022680,Negligible
LF_Acc_X_spec_centroid,0.598281,Medium,-0.357000,Small,-0.909913,Large
LF_Acc_X_spec_power,1.883116,Large,1.172630,Large,-0.409706,Small
LF_Acc_Y_mean,0.701903,Medium,-0.466654,Small,-1.365759,Large
LF_Acc_Y_std,1.115132,Large,1.028735,Large,-0.093956,Negligible
LF_Acc_Y_rms,0.940937,Large,0.999512,Large,0.079883,Negligible
LF_Acc_Y_dom_freq,0.147579,Negligible,-0.077040,Negligible,-0.249040,Small
LF_Acc_Y_spec_centroid,0.862550,Large,-0.580089,Medium,-1.405753,Large
LF_Acc_Y_spec_power,1.068071,Large,0.890628,Large,-0.071084,Negligible
LF_Acc_Z_mean,0.622557,Medium,-0.002132,Negligible,-0.658341,Medium
LF_Acc_Z_std,1.464668,Large,1.030655,Large,-0.362962,Small
LF_Acc_Z_rms,1.376104,Large,0.603969,Medium,-0.760550,Medium
LF_Acc_Z_dom_freq,0.951788,Large,0.125268,Negligible,-0.806934,Large
LF_Acc_Z_spec_centroid,0.623528,Medium,-0.279923,Small,-0.870002,Large
LF_Acc_Z_spec_power,1.424507,Large,0.964165,Large,-0.315392,Small
LF_FreeAcc_X_mean,1.104667,Large,0.985385,Large,0.020226,Negligible
LF_FreeAcc_X_std,1.698833,Large,1.252343,Large,-0.369383,Small
LF_FreeAcc_X_rms,1.711368,Large,1.395025,Large,-0.269393,Small
LF_FreeAcc_X_dom_freq,-0.040175,Negligible,-0.018282,Negligible,0.022680,Negligible
LF_FreeAcc_X_spec_centroid,0.598281,Medium,-0.357000,Small,-0.909913,Large
LF_FreeAcc_X_spec_power,1.883116,Large,1.172630,Large,-0.409706,Small
LF_FreeAcc_Y_mean,-0.027016,Negligible,-0.621852,Medium,-0.603627,Medium
LF_FreeAcc_Y_std,1.115132,Large,1.028735,Large,-0.093956,Negligible
LF_FreeAcc_Y_rms,1.103736,Large,1.043265,Large,-0.075985,Negligible
LF_FreeAcc_Y_dom_freq,0.147579,Negligible,-0.077040,Negligible,-0.249040,Small
LF_FreeAcc_Y_spec_centroid,0.862550,Large,-0.580089,Medium,-1.405753,Large
LF_FreeAcc_Y_spec_power,1.068071,Large,0.890628,Large,-0.071084,Negligible
LF_FreeAcc_Z_mean,0.513455,Medium,0.328580,Small,-0.181749,Negligible
LF_FreeAcc_Z_std,1.464668,Large,1.030655,Large,-0.362962,Small
LF_FreeAcc_Z_rms,1.468961,Large,1.042278,Large,-0.348768,Small
LF_FreeAcc_Z_dom_freq,0.951788,Large,0.125268,Negligible,-0.806934,Large
LF_FreeAcc_Z_spec_centroid,0.623528,Medium,-0.279923,Small,-0.870002,Large
LF_FreeAcc_Z_spec_power,1.424507,Large,0.964165,Large,-0.315392,Small
LF_Gyr_X_mean,0.797695,Medium,-0.113065,Negligible,-1.073977,Large
LF_Gyr_X_std,0.715909,Medium,1.142378,Large,0.250850,Small
LF_Gyr_X_rms,0.737114,Medium,1.140672,Large,0.243169,Small
LF_Gyr_X_dom_freq,-0.204162,Small,-0.105062,Negligible,0.104497,Negligible
LF_Gyr_X_spec_centroid,0.134152,Negligible,0.202915,Small,0.060420,Negligible
LF_Gyr_X_spec_power,0.616958,Medium,1.010838,Large,0.252844,Small
LF_Gyr_Y_mean,-0.152471,Negligible,0.000754,Negligible,0.160979,Negligible
LF_Gyr_Y_std,1.333214,Large,1.463927,Large,-0.065668,Negligible
LF_Gyr_Y_rms,1.332649,Large,1.464240,Large,-0.064957,Negligible
LF_Gyr_Y_dom_freq,0.119826,Negligible,0.344363,Small,0.141744,Negligible
LF_Gyr_Y_spec_centroid,-0.091304,Negligible,0.111323,Negligible,0.194364,Negligible
LF_Gyr_Y_spec_power,1.485693,Large,1.469394,Large,-0.046652,Negligible
LF_Gyr_Z_mean,-0.160369,Negligible,0.294205,Small,0.553501,Medium
LF_Gyr_Z_std,0.613739,Medium,0.937092,Large,0.348538,Small
LF_Gyr_Z_rms,0.619104,Medium,0.941420,Large,0.347169,Small
LF_Gyr_Z_dom_freq,0.037210,Negligible,0.033492,Negligible,-0.007680,Negligible
LF_Gyr_Z_spec_centroid,-0.036678,Negligible,0.124551,Negligible,0.153755,Negligible
LF_Gyr_Z_spec_power,0.615323,Medium,0.822619,Large,0.300801,Small
RF_Acc_X_mean,0.826636,Large,1.246916,Large,0.258614,Small
RF_Acc_X_std,1.709148,Large,1.178191,Large,-0.491982,Small
RF_Acc_X_rms,1.323541,Large,1.474132,Large,0.025546,Negligible
RF_Acc_X_dom_freq,0.147373,Negligible,-0.104046,Negligible,-0.254344,Small
RF_Acc_X_spec_centroid,0.640836,Medium,-0.400270,Small,-0.994636,Large
RF_Acc_X_spec_power,1.923402,Large,1.115168,Large,-0.518969,Medium
RF_Acc_Y_mean,-0.430554,Small,0.210385,Small,0.767721,Medium
RF_Acc_Y_std,1.448218,Large,0.732401,Medium,-0.668699,Medium
RF_Acc_Y_rms,1.232120,Large,0.992218,Large,-0.232065,Small
RF_Acc_Y_dom_freq,0.067417,Negligible,-0.222514,Small,-0.378988,Small
RF_Acc_Y_spec_centroid,0.923182,Large,-0.396279,Small,-1.345126,Large
RF_Acc_Y_spec_power,1.424458,Large,0.676371,Medium,-0.597580,Medium
RF_Acc_Z_mean,0.734249,Medium,0.059920,Negligible,-0.723496,Medium
RF_Acc_Z_std,1.214263,Large,1.067642,Large,-0.195839,Negligible
RF_Acc_Z_rms,1.325502,Large,0.625114,Medium,-0.727080,Medium
RF_Acc_Z_dom_freq,1.160945,Large,0.227959,Small,-0.889712,Large
RF_Acc_Z_spec_centroid,0.678843,Medium,-0.359121,Small,-1.004090,Large
RF_Acc_Z_spec_power,1.168843,Large,1.011995,Large,-0.124043,Negligible
RF_FreeAcc_X_mean,1.394152,Large,1.659326,Large,0.017007,Negligible
RF_FreeAcc_X_std,1.709148,Large,1.178191,Large,-0.491982,Small
RF_FreeAcc_X_rms,1.695480,Large,1.346742,Large,-0.354928,Small
RF_FreeAcc_X_dom_freq,0.147373,Negligible,-0.104046,Negligible,-0.254344,Small
RF_FreeAcc_X_spec_centroid,0.640836,Medium,-0.400270,Small,-0.994636,Large
RF_FreeAcc_X_spec_power,1.923402,Large,1.115168,Large,-0.518969,Medium
RF_FreeAcc_Y_mean,-0.048770,Negligible,-0.095704,Negligible,-0.052586,Negligible
RF_FreeAcc_Y_std,1.448218,Large,0.732401,Medium,-0.668699,Medium
RF_FreeAcc_Y_rms,1.457247,Large,0.784868,Medium,-0.623973,Medium
RF_FreeAcc_Y_dom_freq,0.067417,Negligible,-0.222514,Small,-0.378988,Small
RF_FreeAcc_Y_spec_centroid,0.923182,Large,-0.396279,Small,-1.345126,Large
RF_FreeAcc_Y_spec_power,1.424458,Large,0.676371,Medium,-0.597580,Medium
RF_FreeAcc_Z_mean,0.619104,Medium,0.153474,Negligible,-0.495356,Small
RF_FreeAcc_Z_std,1.214263,Large,1.067642,Large,-0.195839,Negligible
RF_FreeAcc_Z_rms,1.217400,Large,1.083607,Large,-0.176887,Negligible
RF_FreeAcc_Z_dom_freq,1.160945,Large,0.227959,Small,-0.889712,Large
RF_FreeAcc_Z_spec_centroid,0.678843,Medium,-0.359121,Small,-1.004090,Large
RF_FreeAcc_Z_spec_power,1.168843,Large,1.011995,Large,-0.124043,Negligible
RF_Gyr_X_mean,-0.734825,Medium,0.238571,Small,1.161707,Large
RF_Gyr_X_std,0.961787,Large,0.651212,Medium,-0.270871,Small
RF_Gyr_X_rms,0.975206,Large,0.656600,Medium,-0.278186,Small
RF_Gyr_X_dom_freq,-0.146796,Negligible,-0.024739,Negligible,0.124151,Negligible
RF_Gyr_X_spec_centroid,0.267130,Small,0.337211,Small,0.071351,Negligible
RF_Gyr_X_spec_power,0.940168,Large,0.521990,Medium,-0.294428,Small
RF_Gyr_Y_mean,-0.092929,Negligible,-0.070194,Negligible,0.026623,Negligible
RF_Gyr_Y_std,1.177502,Large,1.340046,Large,-0.045814,Negligible
RF_Gyr_Y_rms,1.177112,Large,1.340907,Large,-0.044846,Negligible
RF_Gyr_Y_dom_freq,0.233533,Small,0.339632,Small,0.037049,Negligible
RF_Gyr_Y_spec_centroid,-0.063151,Negligible,0.150412,Negligible,0.201436,Small
RF_Gyr_Y_spec_power,1.271120,Large,1.347256,Large,-0.005466,Negligible
RF_Gyr_Z_mean,0.332413,Small,-0.143516,Negligible,-0.569005,Medium
RF_Gyr_Z_std,1.224976,Large,0.894826,Large,-0.178654,Negligible
RF_Gyr_Z_rms,1.231690,Large,0.903017,Large,-0.178221,Negligible
RF_Gyr_Z_dom_freq,-0.131921,Negligible,-0.140201,Negligible,0.011904,Negligible
RF_Gyr_Z_spec_centroid,0.005188,Negligible,0.095559,Negligible,0.094410,Negligible
RF_Gyr_Z_spec_power,1.233339,Large,0.762430,Medium,-0.226999,Small
