Feature,Sensor,Channel,Metric,Overall_Mean,Overall_Std,Overall_Min,Overall_Max,Overall_Median,healthy_Mean,healthy_Std,healthy_Median,healthy_N,neuro_Mean,neuro_Std,neuro_Median,neuro_N,ortho_Mean,ortho_Std,ortho_Median,ortho_N
HE_Acc_X_mean,HE,Acc,X_mean,9.395225,0.817199,0.000000,14.134639,9.532006,9.265666,0.442060,9.355524,372,9.444739,0.928991,9.592893,1490,9.303210,0.460188,9.440566,278
HE_Acc_X_std,HE,Acc,X_std,1.247683,0.557179,0.000000,3.588725,1.163074,1.829919,0.518147,1.859956,372,1.104215,0.488618,1.041934,1490,1.237524,0.433872,1.187865,278
HE_Acc_X_rms,HE,Acc,X_rms,9.494022,0.817699,0.000000,14.161574,9.621397,9.458689,0.444467,9.533655,372,9.521282,0.932300,9.653541,1490,9.395193,0.459199,9.536442,278
HE_Acc_X_dom_freq,HE,Acc,X_dom_freq,1.855576,0.680469,0.166667,6.666667,1.833333,1.824397,0.305384,1.833333,373,1.879083,0.747340,1.833333,1490,1.772024,0.662255,1.666667,280
HE_Acc_X_spec_centroid,HE,Acc,X_spec_centroid,5.458515,1.409155,0.000000,9.681861,5.418623,5.877685,1.303966,5.851749,372,5.218499,1.420209,5.092920,1490,6.184026,1.067740,5.992518,278
HE_Acc_X_spec_power,HE,Acc,X_spec_power,1123.954664,1002.261414,0.000000,7753.213690,814.358936,2177.069630,1172.114399,2082.604599,372,877.650745,816.897631,653.553723,1490,1034.868595,711.379782,849.446395,278
HE_Acc_Y_mean,HE,Acc,Y_mean,-0.264333,0.870645,-3.324505,6.293097,-0.321600,-0.305827,0.712180,-0.341741,372,-0.222668,0.947526,-0.282079,1490,-0.432119,0.555104,-0.400183,278
HE_Acc_Y_std,HE,Acc,Y_std,1.104140,0.391562,0.000000,2.987204,1.067659,1.178721,0.411106,1.113901,372,1.066703,0.386179,1.030948,1490,1.204990,0.361529,1.166495,278
HE_Acc_Y_rms,HE,Acc,Y_rms,1.371410,0.565064,0.000000,6.330219,1.276944,1.382837,0.495709,1.329996,372,1.365556,0.607600,1.255404,1490,1.387497,0.389089,1.311784,278
HE_Acc_Y_dom_freq,HE,Acc,Y_dom_freq,0.975657,0.559130,0.166667,3.666667,0.833333,1.022788,0.584039,0.833333,373,0.987360,0.568927,0.833333,1490,0.850595,0.445563,0.833333,280
HE_Acc_Y_spec_centroid,HE,Acc,Y_spec_centroid,5.023645,1.560399,0.000000,9.932020,4.905439,5.363193,1.479634,5.220555,372,4.863752,1.587356,4.722786,1490,5.426264,1.367516,5.348474,278
HE_Acc_Y_spec_power,HE,Acc,Y_spec_power,826.177024,582.921624,0.000000,5371.930294,686.224176,937.887550,647.473053,746.951663,372,774.715348,554.700993,639.844784,1490,952.513643,601.188443,819.157556,278
HE_Acc_Z_mean,HE,Acc,Z_mean,1.004696,2.064253,-7.019298,7.044223,1.068755,1.790198,2.163860,2.084842,372,0.635251,1.943635,0.666651,1490,1.933705,1.974204,2.254901,278
HE_Acc_Z_std,HE,Acc,Z_std,1.041511,0.505857,0.000000,4.078462,0.941852,1.383983,0.569821,1.244800,372,0.936255,0.449053,0.845107,1490,1.147379,0.478345,1.045086,278
HE_Acc_Z_rms,HE,Acc,Z_rms,2.262220,1.221530,0.000000,7.327874,2.063047,2.935083,1.225998,2.817579,372,2.002231,1.117461,1.706585,1490,2.755308,1.257423,2.585192,278
HE_Acc_Z_dom_freq,HE,Acc,Z_dom_freq,0.880308,0.811908,0.166667,5.500000,0.500000,0.978999,0.824735,0.666667,373,0.874273,0.817776,0.500000,1490,0.780952,0.749508,0.333333,280
HE_Acc_Z_spec_centroid,HE,Acc,Z_spec_centroid,5.375027,1.763135,0.000000,11.091222,5.332282,5.798441,1.683039,5.719841,372,5.185283,1.777704,5.145797,1490,5.825415,1.607938,5.640763,278
HE_Acc_Z_spec_power,HE,Acc,Z_spec_power,806.998051,909.343490,0.000000,10013.681446,534.030522,1348.029084,1207.639695,932.826322,372,649.013849,761.313646,429.955563,1490,929.778327,879.767140,657.511280,278
HE_FreeAcc_X_mean,HE,FreeAcc,X_mean,-0.012774,0.594715,-4.418602,3.965427,-0.015938,-0.063873,0.841835,-0.034146,372,-0.086401,0.441517,-0.040561,1490,0.450226,0.697358,0.373881,278
HE_FreeAcc_X_std,HE,FreeAcc,X_std,1.163445,0.483249,0.000000,3.064891,1.103360,1.372359,0.483211,1.335054,372,1.103535,0.488020,1.041934,1490,1.204990,0.361529,1.166495,278
HE_FreeAcc_X_rms,HE,FreeAcc,X_rms,1.285069,0.537998,0.000000,4.718327,1.212421,1.571081,0.599804,1.476249,372,1.186527,0.500388,1.124899,1490,1.430506,0.473239,1.345664,278
HE_FreeAcc_X_dom_freq,HE,FreeAcc,X_dom_freq,1.633924,0.797716,0.166667,6.666667,1.666667,1.248436,0.650063,1.000000,373,1.877629,0.748737,1.833333,1490,0.850595,0.445563,0.833333,280
HE_FreeAcc_X_spec_centroid,HE,FreeAcc,X_spec_centroid,5.269385,1.409685,0.000000,9.932020,5.140134,5.365119,1.399882,5.207576,372,5.216214,1.417327,5.092920,1490,5.426264,1.367516,5.348474,278
HE_FreeAcc_X_spec_power,HE,FreeAcc,X_spec_power,955.398372,814.815363,0.000000,5654.981561,732.885040,1273.985039,870.907720,1072.998367,372,876.396838,816.042626,653.553723,1490,952.513643,601.188443,819.157556,278
HE_FreeAcc_Y_mean,HE,FreeAcc,Y_mean,0.002864,0.690553,-3.888343,3.221327,0.000000,-0.027431,0.600231,-0.007440,372,0.053827,0.727249,0.043936,1490,-0.229746,0.535986,-0.153601,278
HE_FreeAcc_Y_std,HE,FreeAcc,Y_std,1.188378,0.490138,0.000000,3.588725,1.105358,1.636282,0.617795,1.665072,372,1.067382,0.386999,1.030948,1490,1.237524,0.433872,1.187865,278
HE_FreeAcc_Y_rms,HE,FreeAcc,Y_rms,1.351494,0.550107,0.000000,4.218609,1.261936,1.746314,0.607869,1.767122,372,1.250719,0.506241,1.168486,1490,1.363300,0.447435,1.386946,278
HE_FreeAcc_Y_dom_freq,HE,FreeAcc,Y_dom_freq,1.197309,0.656706,0.166667,4.666667,1.000000,1.598749,0.521925,1.666667,373,0.988814,0.569367,0.833333,1490,1.772024,0.662255,1.666667,280
HE_FreeAcc_Y_spec_centroid,HE,FreeAcc,Y_spec_centroid,5.212775,1.589449,0.000000,9.681861,5.231726,5.875759,1.389948,5.875046,372,4.866038,1.590437,4.722786,1490,6.184026,1.067740,5.992518,278
HE_FreeAcc_Y_spec_power,HE,FreeAcc,Y_spec_power,994.733316,850.872490,0.000000,7753.213690,735.540992,1840.972141,1281.904224,1669.042722,372,775.969255,556.187498,639.844784,1490,1034.868595,711.379782,849.446395,278
HE_FreeAcc_Z_mean,HE,FreeAcc,Z_mean,-0.578947,1.957812,-8.135283,9.573219,-0.665841,-0.192331,2.364351,-0.209110,372,-0.594082,1.882141,-0.690846,1490,-1.015169,1.635945,-0.928233,278
HE_FreeAcc_Z_std,HE,FreeAcc,Z_std,1.041511,0.505857,0.000000,4.078462,0.941852,1.383983,0.569821,1.244800,372,0.936255,0.449053,0.845107,1490,1.147379,0.478345,1.045086,278
HE_FreeAcc_Z_rms,HE,FreeAcc,Z_rms,1.991107,1.242235,0.000000,9.605640,1.621404,2.404423,1.440723,1.956881,372,1.882919,1.194432,1.545467,1490,2.017889,1.083548,1.668451,278
HE_FreeAcc_Z_dom_freq,HE,FreeAcc,Z_dom_freq,0.880308,0.811908,0.166667,5.500000,0.500000,0.978999,0.824735,0.666667,373,0.874273,0.817776,0.500000,1490,0.780952,0.749508,0.333333,280
HE_FreeAcc_Z_spec_centroid,HE,FreeAcc,Z_spec_centroid,5.375027,1.763135,0.000000,11.091222,5.332282,5.798441,1.683039,5.719841,372,5.185283,1.777704,5.145797,1490,5.825415,1.607938,5.640763,278
HE_FreeAcc_Z_spec_power,HE,FreeAcc,Z_spec_power,806.998051,909.343490,0.000000,10013.681446,534.030522,1348.029084,1207.639695,932.826322,372,649.013849,761.313646,429.955563,1490,929.778327,879.767140,657.511280,278
HE_Gyr_X_mean,HE,Gyr,X_mean,-0.004216,0.147418,-0.939473,1.240136,-0.000736,0.002389,0.175424,-0.003503,372,-0.001394,0.148921,0.003806,1490,-0.028183,0.081895,-0.021608,278
HE_Gyr_X_std,HE,Gyr,X_std,0.228893,0.137032,0.000000,1.538576,0.191964,0.263220,0.128099,0.231665,372,0.214660,0.131218,0.180032,1490,0.259245,0.163925,0.211973,278
HE_Gyr_X_rms,HE,Gyr,X_rms,0.258273,0.161889,0.000000,1.538912,0.206470,0.298970,0.164425,0.250107,372,0.246002,0.157957,0.194616,1490,0.269588,0.169958,0.216784,278
HE_Gyr_X_dom_freq,HE,Gyr,X_dom_freq,1.032898,0.872065,0.166667,6.833333,0.833333,1.013405,0.657962,0.833333,373,1.082438,0.963230,0.833333,1490,0.795238,0.489370,0.833333,280
HE_Gyr_X_spec_centroid,HE,Gyr,X_spec_centroid,5.451506,1.619181,0.000000,12.471938,5.297218,5.557553,1.782137,5.304229,372,5.479323,1.570865,5.343040,1490,5.160510,1.619438,5.052563,278
HE_Gyr_X_spec_power,HE,Gyr,X_spec_power,42.839361,75.483357,0.000000,1425.079220,22.183937,51.561485,68.880012,32.308843,372,38.098391,68.673947,19.511722,1490,56.578265,108.994623,27.049560,278
HE_Gyr_Y_mean,HE,Gyr,Y_mean,-0.001398,0.096569,-0.730288,0.635026,0.000500,-0.017253,0.137534,0.000247,372,0.004661,0.089213,0.002772,1490,-0.012660,0.056858,-0.008484,278
HE_Gyr_Y_std,HE,Gyr,Y_std,0.235747,0.103104,0.000000,1.001878,0.213828,0.294100,0.111375,0.267506,372,0.219842,0.090909,0.201779,1490,0.242910,0.122739,0.208804,278
HE_Gyr_Y_rms,HE,Gyr,Y_rms,0.250460,0.113143,0.000000,1.011330,0.224848,0.318480,0.129010,0.284445,372,0.233553,0.100122,0.213362,1490,0.250055,0.122163,0.217939,278
HE_Gyr_Y_dom_freq,HE,Gyr,Y_dom_freq,1.618681,1.274584,0.166667,6.666667,1.500000,1.537980,1.042325,1.666667,373,1.685123,1.333394,1.666667,1490,1.372619,1.200874,1.333333,280
HE_Gyr_Y_spec_centroid,HE,Gyr,Y_spec_centroid,5.548313,1.354058,0.000000,10.528438,5.385474,5.495750,1.350974,5.194650,372,5.585116,1.361833,5.427917,1490,5.421396,1.310427,5.259911,278
HE_Gyr_Y_spec_power,HE,Gyr,Y_spec_power,39.854042,42.269384,0.000000,604.266950,27.525236,59.517690,57.207886,43.078997,372,34.067054,32.303578,24.510535,1490,44.558129,55.520994,26.246952,278
HE_Gyr_Z_mean,HE,Gyr,Z_mean,0.002623,0.049123,-0.340737,0.355622,0.000151,0.006414,0.064570,0.001044,372,0.002258,0.044850,0.000156,1490,-0.000495,0.046980,-0.000584,278
HE_Gyr_Z_std,HE,Gyr,Z_std,0.175761,0.077286,0.000000,0.711748,0.157570,0.225186,0.082488,0.209218,372,0.159080,0.064004,0.146250,1490,0.199034,0.098338,0.175324,278
HE_Gyr_Z_rms,HE,Gyr,Z_rms,0.181479,0.079685,0.000000,0.713965,0.162117,0.233071,0.085974,0.220925,372,0.164486,0.066049,0.151273,1490,0.203515,0.100335,0.177935,278
HE_Gyr_Z_dom_freq,HE,Gyr,Z_dom_freq,1.333878,1.058408,0.166667,7.000000,0.833333,1.542449,1.026195,1.000000,373,1.329978,1.103544,0.833333,1490,1.076786,0.756596,0.833333,280
HE_Gyr_Z_spec_centroid,HE,Gyr,Z_spec_centroid,5.471844,1.353005,0.000000,12.301942,5.392360,5.523609,1.365582,5.380108,372,5.484379,1.354123,5.408418,1490,5.335391,1.326136,5.232545,278
HE_Gyr_Z_spec_power,HE,Gyr,Z_spec_power,22.191381,22.553969,0.000000,304.967749,14.946747,34.611998,26.475550,26.351179,372,17.699023,16.101713,12.876418,1490,29.648732,34.985830,18.504872,278
LB_Acc_X_mean,LB,Acc,X_mean,9.448664,0.453595,7.015277,10.044075,9.574626,9.599966,0.409171,9.719103,373,9.370534,0.460784,9.492026,1489,9.662593,0.337865,9.763263,280
LB_Acc_X_std,LB,Acc,X_std,1.272726,0.618154,0.045056,4.368646,1.117564,1.993984,0.622913,2.003221,373,1.087441,0.484784,0.976975,1489,1.297224,0.531223,1.265059,280
LB_Acc_X_rms,LB,Acc,X_rms,9.552343,0.487371,7.043662,10.641839,9.659108,9.822265,0.461469,9.930781,373,9.445087,0.476393,9.563608,1489,9.763137,0.353610,9.858855,280
LB_Acc_X_dom_freq,LB,Acc,X_dom_freq,1.922150,0.731867,0.166667,8.500000,1.833333,1.833333,0.368851,1.833333,373,1.929978,0.779836,1.833333,1490,1.998810,0.817592,1.666667,280
LB_Acc_X_spec_centroid,LB,Acc,X_spec_centroid,5.770553,1.356282,2.714515,10.563096,5.680233,6.212418,1.250614,6.199894,373,5.509194,1.334228,5.338722,1489,6.571798,1.125412,6.358708,280
LB_Acc_X_spec_power,LB,Acc,X_spec_power,1205.075963,1217.524148,1.222108,11489.328542,751.873719,2626.525536,1556.392650,2415.788252,373,853.275330,856.396377,574.601036,1489,1182.327572,933.683965,963.435894,280
LB_Acc_Y_mean,LB,Acc,Y_mean,0.095704,0.620988,-2.048793,2.435978,0.141930,0.159142,0.434622,0.121838,373,0.039930,0.682485,0.091988,1489,0.307792,0.395032,0.281959,280
LB_Acc_Y_std,LB,Acc,Y_std,0.954546,0.352405,0.158110,2.686264,0.883512,1.199314,0.412172,1.184030,373,0.866914,0.308185,0.806694,1489,1.094495,0.281433,1.059791,280
LB_Acc_Y_rms,LB,Acc,Y_rms,1.136708,0.371288,0.281736,2.851624,1.096052,1.288826,0.401072,1.268716,373,1.086154,0.365898,1.029822,1489,1.202900,0.283527,1.192900,280
LB_Acc_Y_dom_freq,LB,Acc,Y_dom_freq,2.134935,2.063252,0.166667,10.833333,1.000000,4.144772,2.573074,4.166667,373,1.588479,1.429180,0.833333,1490,2.365476,2.430180,0.833333,280
LB_Acc_Y_spec_centroid,LB,Acc,Y_spec_centroid,5.960951,1.437233,2.449639,11.237888,5.925160,6.973117,1.392743,7.022656,373,5.578490,1.316516,5.437701,1489,6.646477,1.182924,6.733279,280
LB_Acc_Y_spec_power,LB,Acc,Y_spec_power,623.250377,488.654386,15.049251,4344.088499,469.921287,967.895677,664.678979,843.969518,373,509.570642,393.942283,391.757910,1489,768.666194,408.221357,676.152687,280
LB_Acc_Z_mean,LB,Acc,Z_mean,1.996071,1.874301,-6.190002,7.087593,2.188903,2.046259,1.468841,2.062649,373,1.957073,2.050573,2.208621,1489,2.136600,1.274522,2.033677,280
LB_Acc_Z_std,LB,Acc,Z_std,1.108322,0.429666,0.154071,2.543643,1.049833,1.565805,0.410800,1.551194,373,1.000970,0.358259,0.966162,1489,1.069774,0.405405,1.005881,280
LB_Acc_Z_rms,LB,Acc,Z_rms,2.715567,1.238944,0.611901,7.125927,2.536074,2.802687,1.052068,2.607826,373,2.736450,1.294347,2.537593,1489,2.488463,1.141953,2.420618,280
LB_Acc_Z_dom_freq,LB,Acc,Z_dom_freq,1.628325,0.411248,0.166667,5.000000,1.666667,1.786416,0.228208,1.833333,373,1.606488,0.429183,1.666667,1490,1.533929,0.448392,1.666667,280
LB_Acc_Z_spec_centroid,LB,Acc,Z_spec_centroid,5.635922,1.404718,2.352714,11.227077,5.602446,6.151799,1.257916,6.198261,373,5.375350,1.415571,5.245341,1489,6.334383,1.066554,6.263558,280
LB_Acc_Z_spec_power,LB,Acc,Z_spec_power,850.577754,659.272376,14.290276,3895.048550,663.500496,1577.285206,777.031101,1448.545651,373,680.389871,506.133114,561.955111,1489,787.534462,547.245834,609.107998,280
LB_FreeAcc_X_mean,LB,FreeAcc,X_mean,-0.001261,0.182258,-0.898474,1.297342,-0.001886,0.015454,0.179651,0.006176,373,0.000139,0.187693,-0.002282,1489,-0.030971,0.150732,-0.013743,280
LB_FreeAcc_X_std,LB,FreeAcc,X_std,1.272726,0.618154,0.045056,4.368646,1.117564,1.993984,0.622913,2.003221,373,1.087441,0.484784,0.976975,1489,1.297224,0.531223,1.265059,280
LB_FreeAcc_X_rms,LB,FreeAcc,X_rms,1.288838,0.611589,0.050503,4.370603,1.130174,2.002197,0.622598,2.019399,373,1.106139,0.478750,1.005255,1489,1.310111,0.521689,1.269848,280
LB_FreeAcc_X_dom_freq,LB,FreeAcc,X_dom_freq,1.922150,0.731867,0.166667,8.500000,1.833333,1.833333,0.368851,1.833333,373,1.929978,0.779836,1.833333,1490,1.998810,0.817592,1.666667,280
LB_FreeAcc_X_spec_centroid,LB,FreeAcc,X_spec_centroid,5.770553,1.356282,2.714515,10.563096,5.680233,6.212418,1.250614,6.199894,373,5.509194,1.334228,5.338722,1489,6.571798,1.125412,6.358708,280
LB_FreeAcc_X_spec_power,LB,FreeAcc,X_spec_power,1205.075963,1217.524148,1.222108,11489.328542,751.873719,2626.525536,1556.392650,2415.788252,373,853.275330,856.396377,574.601036,1489,1182.327572,933.683965,963.435894,280
LB_FreeAcc_Y_mean,LB,FreeAcc,Y_mean,-0.034932,0.336147,-1.266810,1.617036,-0.040124,-0.020477,0.206639,-0.016200,373,-0.036300,0.375087,-0.044885,1489,-0.046915,0.243691,-0.031964,280
LB_FreeAcc_Y_std,LB,FreeAcc,Y_std,0.954546,0.352405,0.158110,2.686264,0.883512,1.199314,0.412172,1.184030,373,0.866914,0.308185,0.806694,1489,1.094495,0.281433,1.059791,280
LB_FreeAcc_Y_rms,LB,FreeAcc,Y_rms,1.014982,0.345426,0.249801,2.686278,0.960080,1.218594,0.407752,1.194325,373,0.943708,0.312808,0.884154,1489,1.122764,0.279098,1.112825,280
LB_FreeAcc_Y_dom_freq,LB,FreeAcc,Y_dom_freq,2.134935,2.063252,0.166667,10.833333,1.000000,4.144772,2.573074,4.166667,373,1.588479,1.429180,0.833333,1490,2.365476,2.430180,0.833333,280
LB_FreeAcc_Y_spec_centroid,LB,FreeAcc,Y_spec_centroid,5.960951,1.437233,2.449639,11.237888,5.925160,6.973117,1.392743,7.022656,373,5.578490,1.316516,5.437701,1489,6.646477,1.182924,6.733279,280
LB_FreeAcc_Y_spec_power,LB,FreeAcc,Y_spec_power,623.250377,488.654386,15.049251,4344.088499,469.921287,967.895677,664.678979,843.969518,373,509.570642,393.942283,391.757910,1489,768.666194,408.221357,676.152687,280
LB_FreeAcc_Z_mean,LB,FreeAcc,Z_mean,0.104100,0.591054,-2.130927,3.471347,0.078420,0.122878,0.558264,0.093236,373,0.076542,0.592790,0.049682,1489,0.225631,0.609746,0.182724,280
LB_FreeAcc_Z_std,LB,FreeAcc,Z_std,1.108322,0.429666,0.154071,2.543643,1.049833,1.565805,0.410800,1.551194,373,1.000970,0.358259,0.966162,1489,1.069774,0.405405,1.005881,280
LB_FreeAcc_Z_rms,LB,FreeAcc,Z_rms,1.253780,0.448392,0.159112,4.191521,1.187542,1.651741,0.467235,1.648299,373,1.154275,0.393676,1.103026,1489,1.252790,0.400806,1.255695,280
LB_FreeAcc_Z_dom_freq,LB,FreeAcc,Z_dom_freq,1.628325,0.411248,0.166667,5.000000,1.666667,1.786416,0.228208,1.833333,373,1.606488,0.429183,1.666667,1490,1.533929,0.448392,1.666667,280
LB_FreeAcc_Z_spec_centroid,LB,FreeAcc,Z_spec_centroid,5.635922,1.404718,2.352714,11.227077,5.602446,6.151799,1.257916,6.198261,373,5.375350,1.415571,5.245341,1489,6.334383,1.066554,6.263558,280
LB_FreeAcc_Z_spec_power,LB,FreeAcc,Z_spec_power,850.577754,659.272376,14.290276,3895.048550,663.500496,1577.285206,777.031101,1448.545651,373,680.389871,506.133114,561.955111,1489,787.534462,547.245834,609.107998,280
LB_Gyr_X_mean,LB,Gyr,X_mean,-0.001918,0.080384,-0.509333,1.375162,-0.000620,0.006261,0.101628,0.001266,373,0.000256,0.076838,0.001711,1489,-0.024380,0.060870,-0.020528,280
LB_Gyr_X_std,LB,Gyr,X_std,0.338900,0.136613,0.077904,0.964903,0.315555,0.390027,0.131615,0.369932,373,0.326441,0.139621,0.300013,1489,0.337047,0.108752,0.322977,280
LB_Gyr_X_rms,LB,Gyr,X_rms,0.346064,0.142193,0.077914,1.426496,0.321587,0.398417,0.145112,0.374591,373,0.333566,0.143849,0.307119,1489,0.342788,0.110506,0.329003,280
LB_Gyr_X_dom_freq,LB,Gyr,X_dom_freq,1.183854,0.878707,0.166667,6.500000,0.833333,1.437444,1.020674,1.000000,373,1.171477,0.878545,0.833333,1490,0.911905,0.508566,0.833333,280
LB_Gyr_X_spec_centroid,LB,Gyr,X_spec_centroid,5.879105,1.376707,2.025698,10.795946,5.692147,6.259791,1.425016,5.970553,373,5.811943,1.338908,5.647488,1489,5.729138,1.426713,5.603719,280
LB_Gyr_X_spec_power,LB,Gyr,X_spec_power,80.372265,70.724736,3.653586,560.490364,59.944910,101.978017,73.102097,82.384360,373,75.879424,72.201669,54.185185,1489,75.482602,51.964455,62.798074,280
LB_Gyr_Y_mean,LB,Gyr,Y_mean,-0.007657,0.028249,-0.234632,0.306694,-0.008109,-0.016652,0.031062,-0.013916,373,-0.006563,0.027611,-0.007210,1489,-0.001492,0.024873,-0.006686,280
LB_Gyr_Y_std,LB,Gyr,Y_std,0.264553,0.120496,0.018402,0.871979,0.234452,0.255131,0.111241,0.226436,373,0.279689,0.126840,0.255024,1489,0.196617,0.056044,0.194786,280
LB_Gyr_Y_rms,LB,Gyr,Y_rms,0.266245,0.120323,0.046692,0.875583,0.236382,0.257394,0.111600,0.229077,373,0.281205,0.126661,0.256788,1489,0.198480,0.054981,0.195430,280
LB_Gyr_Y_dom_freq,LB,Gyr,Y_dom_freq,1.755950,1.126049,0.166667,12.500000,1.666667,2.190349,1.340412,1.833333,373,1.680425,1.056628,1.666667,1490,1.579167,1.032806,1.500000,280
LB_Gyr_Y_spec_centroid,LB,Gyr,Y_spec_centroid,6.212904,1.226595,2.990442,10.520130,6.155131,6.597037,1.131415,6.468896,373,6.181129,1.201649,6.111637,1489,5.870155,1.347988,5.790043,280
LB_Gyr_Y_spec_power,LB,Gyr,Y_spec_power,50.870066,51.562126,0.203854,457.732883,33.090951,46.615445,51.995597,30.866835,373,56.771179,54.224267,39.152860,1489,25.156550,15.565698,22.841094,280
LB_Gyr_Z_mean,LB,Gyr,Z_mean,0.000649,0.026527,-0.134911,0.227459,0.001488,-0.003474,0.027953,-0.001742,373,0.002897,0.026834,0.003116,1489,-0.005816,0.020641,-0.003853,280
LB_Gyr_Z_std,LB,Gyr,Z_std,0.290439,0.129881,0.007117,0.760955,0.268690,0.344353,0.128154,0.333006,373,0.292142,0.130077,0.274661,1489,0.209562,0.082734,0.192002,280
LB_Gyr_Z_rms,LB,Gyr,Z_rms,0.291638,0.129902,0.017952,0.761005,0.269394,0.345406,0.128411,0.333385,373,0.293393,0.130060,0.276010,1489,0.210684,0.082656,0.193354,280
LB_Gyr_Z_dom_freq,LB,Gyr,Z_dom_freq,1.717297,0.948180,0.166667,6.166667,1.333333,2.231903,0.848379,2.666667,373,1.610626,0.940120,1.000000,1490,1.599405,0.892767,1.000000,280
LB_Gyr_Z_spec_centroid,LB,Gyr,Z_spec_centroid,5.792460,1.223310,2.883745,10.766996,5.605209,5.921018,1.209415,5.763291,373,5.773846,1.219464,5.572718,1489,5.720190,1.254273,5.556827,280
LB_Gyr_Z_spec_power,LB,Gyr,Z_spec_power,60.932609,54.271979,0.030491,348.593465,43.461360,81.245926,60.448489,66.758082,373,61.558507,53.991898,45.414239,1489,30.543933,26.514034,22.192792,280
LF_Acc_X_mean,LF,Acc,X_mean,8.167222,1.642855,3.673406,13.853936,8.023524,9.634789,1.433478,9.581287,372,7.874204,1.514411,7.691069,1486,7.772539,1.499337,7.810800,280
LF_Acc_X_std,LF,Acc,X_std,4.894818,1.934977,0.071292,10.498263,4.692537,7.154425,1.609676,7.135019,372,4.299423,1.572407,4.297149,1486,5.052612,1.830848,4.974225,280
LF_Acc_X_rms,LF,Acc,X_rms,9.604223,2.205454,4.513805,15.520959,9.308122,12.052817,1.840404,12.216942,372,9.039649,1.880947,8.839134,1486,9.347365,2.040319,9.372137,280
LF_Acc_X_dom_freq,LF,Acc,X_dom_freq,1.373853,0.882111,0.166667,14.166667,1.000000,1.429848,0.820552,1.000000,373,1.360291,0.901789,1.000000,1490,1.371429,0.854939,0.833333,280
LF_Acc_X_spec_centroid,LF,Acc,X_spec_centroid,5.364417,1.614394,2.346131,20.741146,5.385446,6.026627,1.424184,6.009899,372,5.000750,1.604576,4.604793,1486,6.414656,1.079661,6.175973,280
LF_Acc_X_spec_power,LF,Acc,X_spec_power,16676.546063,12541.779517,3.059762,66349.259635,13256.114611,32369.802171,13757.559936,30647.195447,372,12615.541847,8731.386543,11116.327254,1486,17379.263893,11430.021392,14895.510984,280
LF_Acc_Y_mean,LF,Acc,Y_mean,-0.600002,1.834187,-5.899538,5.758903,-0.726136,0.218695,2.224059,0.644929,372,-1.113369,1.532538,-1.180708,1486,1.036816,1.305271,1.048225,280
LF_Acc_Y_std,LF,Acc,Y_std,2.555441,1.093862,0.037129,7.291528,2.409326,3.533118,1.038953,3.496381,372,2.317698,0.979849,2.238844,1486,2.518263,1.020960,2.333697,280
LF_Acc_Y_rms,LF,Acc,Y_rms,3.147732,1.241542,0.671817,7.681103,2.981132,4.117985,1.259715,4.063293,372,2.939437,1.130678,2.817421,1486,2.964135,1.171207,2.944942,280
LF_Acc_Y_dom_freq,LF,Acc,Y_dom_freq,1.448203,1.187320,0.166667,11.166667,1.000000,1.567024,1.473169,1.000000,373,1.364653,0.988662,1.000000,1490,1.734524,1.604503,1.000000,280
LF_Acc_Y_spec_centroid,LF,Acc,Y_spec_centroid,5.862167,1.708846,2.838621,12.132268,5.802090,6.750960,1.426544,7.023286,372,5.315513,1.541580,4.914792,1486,7.582518,1.181855,7.346476,280
LF_Acc_Y_spec_power,LF,Acc,Y_spec_power,4651.250835,3995.773656,0.829882,32006.363464,3494.557506,8162.870190,4764.008934,7359.338281,372,3811.409206,3329.240514,3017.515500,1486,4442.973194,3588.394404,3278.612923,280
LF_Acc_Z_mean,LF,Acc,Z_mean,7.811706,1.125416,1.022818,10.936333,7.903176,8.351581,1.264731,8.542160,372,7.589127,1.053045,7.688092,1486,8.275703,0.896356,8.216215,280
LF_Acc_Z_std,LF,Acc,Z_std,3.664758,1.747332,0.053610,9.991155,3.315831,5.542384,1.665767,5.799915,372,3.163121,1.446978,2.997684,1486,3.832462,1.575661,3.759248,280
LF_Acc_Z_rms,LF,Acc,Z_rms,8.772293,1.348572,5.007915,14.020334,8.610711,10.138488,1.430406,10.154345,372,8.342471,1.097575,8.318931,1486,9.238334,1.051946,9.431400,280
LF_Acc_Z_dom_freq,LF,Acc,Z_dom_freq,1.825712,1.236104,0.166667,10.166667,1.500000,2.650581,1.475520,3.333333,373,1.520134,0.992982,1.000000,1490,2.352976,1.370491,2.000000,280
LF_Acc_Z_spec_centroid,LF,Acc,Z_spec_centroid,5.425985,1.487233,2.196975,19.107356,5.221871,6.066854,1.245397,5.937566,372,5.087888,1.459908,4.655096,1486,6.368875,1.219189,6.040779,280
LF_Acc_Z_spec_power,LF,Acc,Z_spec_power,9922.382322,9455.106005,1.730211,60094.218207,6618.907448,20158.383362,10956.375418,20250.882587,372,7282.869951,7329.813597,5409.694135,1486,10331.393024,7885.906280,8507.602125,280
LF_FreeAcc_X_mean,LF,FreeAcc,X_mean,2.426863,1.554181,-5.715796,6.339996,2.364268,3.798285,1.950243,4.161143,372,2.126069,1.286280,2.094957,1486,2.201187,1.263602,2.261544,280
LF_FreeAcc_X_std,LF,FreeAcc,X_std,4.894818,1.934977,0.071292,10.498263,4.692537,7.154425,1.609676,7.135019,372,4.299423,1.572407,4.297149,1486,5.052612,1.830848,4.974225,280
LF_FreeAcc_X_rms,LF,FreeAcc,X_rms,5.547555,2.287514,0.073200,11.766088,5.307938,8.277300,1.867019,8.383873,372,4.862106,1.868605,4.834017,1486,5.558669,2.102884,5.426867,280
LF_FreeAcc_X_dom_freq,LF,FreeAcc,X_dom_freq,1.373853,0.882111,0.166667,14.166667,1.000000,1.429848,0.820552,1.000000,373,1.360291,0.901789,1.000000,1490,1.371429,0.854939,0.833333,280
LF_FreeAcc_X_spec_centroid,LF,FreeAcc,X_spec_centroid,5.364417,1.614394,2.346131,20.741146,5.385446,6.026627,1.424184,6.009899,372,5.000750,1.604576,4.604793,1486,6.414656,1.079661,6.175973,280
LF_FreeAcc_X_spec_power,LF,FreeAcc,X_spec_power,16676.546063,12541.779517,3.059762,66349.259635,13256.114611,32369.802171,13757.559936,30647.195447,372,12615.541847,8731.386543,11116.327254,1486,17379.263893,11430.021392,14895.510984,280
LF_FreeAcc_Y_mean,LF,FreeAcc,Y_mean,-0.077864,0.593372,-3.924473,2.274171,-0.062418,-0.110849,0.670979,-0.107170,372,-0.131083,0.574805,-0.113451,1486,0.248396,0.464986,0.183874,280
LF_FreeAcc_Y_std,LF,FreeAcc,Y_std,2.555441,1.093862,0.037129,7.291528,2.409326,3.533118,1.038953,3.496381,372,2.317698,0.979849,2.238844,1486,2.518263,1.020960,2.333697,280
LF_FreeAcc_Y_rms,LF,FreeAcc,Y_rms,2.623540,1.096287,0.231175,7.322402,2.488132,3.598692,1.035876,3.570227,372,2.388902,0.986075,2.298362,1486,2.573234,1.019608,2.369495,280
LF_FreeAcc_Y_dom_freq,LF,FreeAcc,Y_dom_freq,1.448203,1.187320,0.166667,11.166667,1.000000,1.567024,1.473169,1.000000,373,1.364653,0.988662,1.000000,1490,1.734524,1.604503,1.000000,280
LF_FreeAcc_Y_spec_centroid,LF,FreeAcc,Y_spec_centroid,5.862167,1.708846,2.838621,12.132268,5.802090,6.750960,1.426544,7.023286,372,5.315513,1.541580,4.914792,1486,7.582518,1.181855,7.346476,280
LF_FreeAcc_Y_spec_power,LF,FreeAcc,Y_spec_power,4651.250835,3995.773656,0.829882,32006.363464,3494.557506,8162.870190,4764.008934,7359.338281,372,3811.409206,3329.240514,3017.515500,1486,4442.973194,3588.394404,3278.612923,280
LF_FreeAcc_Z_mean,LF,FreeAcc,Z_mean,-0.092610,0.536695,-2.455297,2.664730,-0.109772,0.177108,0.674263,0.206543,372,-0.167322,0.497805,-0.183016,1486,-0.054448,0.393113,-0.086386,280
LF_FreeAcc_Z_std,LF,FreeAcc,Z_std,3.664758,1.747332,0.053610,9.991155,3.315831,5.542384,1.665767,5.799915,372,3.163121,1.446978,2.997684,1486,3.832462,1.575661,3.759248,280
LF_FreeAcc_Z_rms,LF,FreeAcc,Z_rms,3.709251,1.738262,0.092857,10.044500,3.355480,5.585523,1.667191,5.848976,372,3.211924,1.434657,3.037711,1486,3.855874,1.568304,3.770916,280
LF_FreeAcc_Z_dom_freq,LF,FreeAcc,Z_dom_freq,1.825712,1.236104,0.166667,10.166667,1.500000,2.650581,1.475520,3.333333,373,1.520134,0.992982,1.000000,1490,2.352976,1.370491,2.000000,280
LF_FreeAcc_Z_spec_centroid,LF,FreeAcc,Z_spec_centroid,5.425985,1.487233,2.196975,19.107356,5.221871,6.066854,1.245397,5.937566,372,5.087888,1.459908,4.655096,1486,6.368875,1.219189,6.040779,280
LF_FreeAcc_Z_spec_power,LF,FreeAcc,Z_spec_power,9922.382322,9455.106005,1.730211,60094.218207,6618.907448,20158.383362,10956.375418,20250.882587,372,7282.869951,7329.813597,5409.694135,1486,10331.393024,7885.906280,8507.602125,280
LF_Gyr_X_mean,LF,Gyr,X_mean,-0.005827,0.122557,-0.461674,0.905823,-0.016421,0.058256,0.166488,0.066380,372,-0.037731,0.093338,-0.032668,1486,0.078353,0.117521,0.066807,280
LF_Gyr_X_std,LF,Gyr,X_std,0.837308,0.320730,0.009402,2.323111,0.803304,1.042745,0.256210,1.052469,372,0.802583,0.319573,0.765841,1486,0.748659,0.294046,0.725519,280
LF_Gyr_X_rms,LF,Gyr,X_rms,0.845173,0.323547,0.023887,2.341137,0.809071,1.056869,0.258903,1.063472,372,0.808584,0.320295,0.771131,1486,0.758104,0.303566,0.731633,280
LF_Gyr_X_dom_freq,LF,Gyr,X_dom_freq,2.008011,1.185446,0.166667,10.000000,1.833333,1.894102,1.333513,1.833333,373,2.051007,1.171418,1.833333,1490,1.930952,1.030206,1.666667,280
LF_Gyr_X_spec_centroid,LF,Gyr,X_spec_centroid,6.532494,1.260849,3.604992,15.266111,6.381180,6.707674,1.126918,6.540248,372,6.505164,1.284114,6.370196,1486,6.444798,1.287879,6.169540,280
LF_Gyr_X_spec_power,LF,Gyr,X_spec_power,483.954536,363.836753,0.053217,3248.935717,388.473079,693.983078,341.205058,666.837813,372,449.215146,360.770187,353.084528,1486,389.283518,303.533508,316.883061,280
LF_Gyr_Y_mean,LF,Gyr,Y_mean,-0.010968,0.090609,-0.351091,0.647154,-0.011027,-0.025206,0.101763,-0.023725,372,-0.004792,0.091272,-0.008080,1486,-0.024827,0.064091,-0.016769,280
LF_Gyr_Y_std,LF,Gyr,Y_std,2.743460,1.014531,0.016893,5.049677,2.776360,3.779562,0.665361,3.858456,372,2.504778,0.943112,2.566132,1486,2.633644,0.902184,2.760955,280
LF_Gyr_Y_rms,LF,Gyr,Y_rms,2.744909,1.014717,0.024769,5.049738,2.780496,3.780980,0.665544,3.860764,372,2.506347,0.943370,2.568534,1486,2.634495,0.902311,2.761684,280
LF_Gyr_Y_dom_freq,LF,Gyr,Y_dom_freq,1.676310,0.364779,0.166667,6.666667,1.666667,1.734138,0.263505,1.833333,373,1.671365,0.395454,1.666667,1490,1.625595,0.295323,1.666667,280
LF_Gyr_Y_spec_centroid,LF,Gyr,Y_spec_centroid,5.199333,1.326042,2.324836,12.494663,5.004700,5.149604,1.225736,5.096803,372,5.262030,1.354362,5.064330,1486,4.932662,1.269537,4.646608,280
LF_Gyr_Y_spec_power,LF,Gyr,Y_spec_power,5150.382266,3324.903983,0.171788,15350.708996,4640.360415,8865.505131,2825.093926,8962.487653,372,4312.034249,2880.233307,3964.219528,1486,4663.808859,2743.013176,4589.020676,280
LF_Gyr_Z_mean,LF,Gyr,Z_mean,-0.001244,0.095779,-0.453486,0.817782,0.000972,-0.001222,0.133258,-0.010886,372,0.005226,0.085855,0.008619,1486,-0.035608,0.077532,-0.031652,280
LF_Gyr_Z_std,LF,Gyr,Z_std,1.178267,0.501314,0.010820,2.899756,1.131789,1.469940,0.530773,1.420955,372,1.135940,0.468511,1.081224,1486,1.015395,0.482099,1.008332,280
LF_Gyr_Z_rms,LF,Gyr,Z_rms,1.181951,0.501789,0.029719,2.899867,1.134982,1.476044,0.530517,1.446383,372,1.139087,0.468761,1.084059,1486,1.018712,0.482629,1.010294,280
LF_Gyr_Z_dom_freq,LF,Gyr,Z_dom_freq,1.735729,0.697691,0.166667,7.166667,1.666667,1.761841,0.612821,1.833333,373,1.728523,0.736743,1.666667,1490,1.739286,0.581718,1.666667,280
LF_Gyr_Z_spec_centroid,LF,Gyr,Z_spec_centroid,5.740044,1.324916,2.549290,11.816442,5.534465,5.768789,1.233504,5.628233,372,5.773152,1.349918,5.561697,1486,5.526144,1.292350,5.324538,280
LF_Gyr_Z_spec_power,LF,Gyr,Z_spec_power,986.995523,822.971892,0.070472,5062.025287,771.137444,1469.909682,1031.063411,1215.519989,372,908.856874,725.835400,703.772207,1486,760.102547,758.117361,612.080445,280
RF_Acc_X_mean,RF,Acc,X_mean,8.385107,2.012000,1.268775,17.914680,8.273622,9.900117,1.839060,9.780591,373,8.118405,1.962176,8.080546,1488,7.784226,1.486678,7.742933,280
RF_Acc_X_std,RF,Acc,X_std,4.809762,1.962674,0.040436,10.458969,4.578798,7.099791,1.649465,7.106110,373,4.175138,1.597230,4.177203,1488,5.131692,1.748935,4.910433,280
RF_Acc_X_rms,RF,Acc,X_rms,9.777708,2.395719,2.323257,19.061305,9.481803,12.273038,1.972008,12.353333,373,9.224459,2.156326,9.026131,1488,9.393699,1.987747,9.097517,280
RF_Acc_X_dom_freq,RF,Acc,X_dom_freq,1.288536,0.789898,0.166667,9.833333,0.833333,1.415996,0.788169,1.000000,373,1.230984,0.758002,0.833333,1490,1.425000,0.915120,0.833333,280
RF_Acc_X_spec_centroid,RF,Acc,X_spec_centroid,5.391293,1.574920,2.607580,10.852431,5.384419,6.055237,1.399918,6.168397,373,5.008185,1.530591,4.714473,1488,6.542776,1.105993,6.326866,280
RF_Acc_X_spec_power,RF,Acc,X_spec_power,16244.590352,12500.389866,0.984325,65853.526604,12621.302756,31978.846275,13765.648110,30399.306752,373,12028.803647,8565.836267,10504.427261,1488,17688.208767,11268.315261,14516.032082,280
RF_Acc_Y_mean,RF,Acc,Y_mean,0.406248,2.417892,-8.726828,9.801649,0.462156,-0.335556,3.299152,-1.051478,373,0.829288,2.139714,0.861557,1488,-0.853724,1.626139,-1.266390,280
RF_Acc_Y_std,RF,Acc,Y_std,2.457286,1.191517,0.036252,6.493236,2.216853,3.664261,1.169656,3.532059,373,2.088110,0.979241,1.898545,1488,2.811328,1.074417,2.735242,280
RF_Acc_Y_rms,RF,Acc,Y_rms,3.335216,1.530763,0.622904,10.525593,3.111152,4.788598,1.684039,4.641354,373,2.968252,1.331225,2.698737,1488,3.349255,1.097421,3.228796,280
RF_Acc_Y_dom_freq,RF,Acc,Y_dom_freq,1.450848,1.108374,0.166667,11.666667,1.000000,1.458892,1.290859,1.000000,373,1.395749,0.926512,1.000000,1490,1.733333,1.591282,1.333333,280
RF_Acc_Y_spec_centroid,RF,Acc,Y_spec_centroid,5.989461,1.667687,2.738894,11.632352,5.957070,6.957998,1.597617,7.101827,373,5.474607,1.501895,5.155297,1488,7.435312,1.068217,7.352172,280
RF_Acc_Y_spec_power,RF,Acc,Y_spec_power,4489.339679,4370.253009,0.791171,25381.662286,2958.524173,8904.411904,5304.031887,7510.297946,373,3201.750396,3211.709094,2169.911636,1488,5450.450086,4263.615778,4503.944817,280
RF_Acc_Z_mean,RF,Acc,Z_mean,7.768931,1.220240,1.396680,11.933974,7.824638,8.474100,1.346609,8.702177,373,7.496209,1.133598,7.491802,1488,8.278868,0.911961,8.238713,280
RF_Acc_Z_std,RF,Acc,Z_std,3.732646,1.655219,0.024333,9.632963,3.450284,5.333471,1.555494,5.384427,373,3.330779,1.480984,3.147939,1488,3.735760,1.345848,3.479765,280
RF_Acc_Z_rms,RF,Acc,Z_rms,8.755731,1.361521,5.327748,12.677153,8.669906,10.123610,1.412703,10.285953,373,8.334126,1.143011,8.366010,1488,9.174049,0.984566,9.057643,280
RF_Acc_Z_dom_freq,RF,Acc,Z_dom_freq,1.817934,1.263519,0.166667,7.833333,1.166667,2.835121,1.535082,3.500000,373,1.448993,0.939980,1.000000,1490,2.426190,1.384872,2.000000,280
RF_Acc_Z_spec_centroid,RF,Acc,Z_spec_centroid,5.417315,1.495545,2.438898,11.698715,5.275479,6.083902,1.356970,6.073951,373,5.050623,1.457569,4.654602,1488,6.478026,0.968054,6.254841,280
RF_Acc_Z_spec_power,RF,Acc,Z_spec_power,10036.115157,8783.356074,0.356435,55862.590253,7166.563057,18577.298469,10044.972273,17453.410258,373,7998.207348,7471.860598,5965.578370,1488,9488.063171,6298.375286,7289.602563,280
RF_FreeAcc_X_mean,RF,FreeAcc,X_mean,2.436254,1.466552,-3.423620,6.572140,2.289826,4.032860,1.140542,4.187940,373,2.082566,1.325365,2.081902,1488,2.188947,1.124177,2.092995,280
RF_FreeAcc_X_std,RF,FreeAcc,X_std,4.809762,1.962674,0.040436,10.458969,4.578798,7.099791,1.649465,7.106110,373,4.175138,1.597230,4.177203,1488,5.131692,1.748935,4.910433,280
RF_FreeAcc_X_rms,RF,FreeAcc,X_rms,5.451695,2.313165,0.047153,12.001293,5.123621,8.188608,1.907412,8.372573,373,4.735845,1.909953,4.699389,1488,5.609962,1.993838,5.459052,280
RF_FreeAcc_X_dom_freq,RF,FreeAcc,X_dom_freq,1.288536,0.789898,0.166667,9.833333,0.833333,1.415996,0.788169,1.000000,373,1.230984,0.758002,0.833333,1490,1.425000,0.915120,0.833333,280
RF_FreeAcc_X_spec_centroid,RF,FreeAcc,X_spec_centroid,5.391293,1.574920,2.607580,10.852431,5.384419,6.055237,1.399918,6.168397,373,5.008185,1.530591,4.714473,1488,6.542776,1.105993,6.326866,280
RF_FreeAcc_X_spec_power,RF,FreeAcc,X_spec_power,16244.590352,12500.389866,0.984325,65853.526604,12621.302756,31978.846275,13765.648110,30399.306752,373,12028.803647,8565.836267,10504.427261,1488,17688.208767,11268.315261,14516.032082,280
RF_FreeAcc_Y_mean,RF,FreeAcc,Y_mean,0.128960,0.590835,-2.362993,2.844273,0.090492,0.063097,0.748796,-0.006937,373,0.141396,0.574520,0.088527,1488,0.150611,0.404575,0.163850,280
RF_FreeAcc_Y_std,RF,FreeAcc,Y_std,2.457286,1.191517,0.036252,6.493236,2.216853,3.664261,1.169656,3.532059,373,2.088110,0.979241,1.898545,1488,2.811328,1.074417,2.735242,280
RF_FreeAcc_Y_rms,RF,FreeAcc,Y_rms,2.534196,1.183792,0.048801,6.538208,2.319702,3.746164,1.150746,3.670012,373,2.171527,0.976435,2.004482,1488,2.847004,1.066877,2.777423,280
RF_FreeAcc_Y_dom_freq,RF,FreeAcc,Y_dom_freq,1.450848,1.108374,0.166667,11.666667,1.000000,1.458892,1.290859,1.000000,373,1.395749,0.926512,1.000000,1490,1.733333,1.591282,1.333333,280
RF_FreeAcc_Y_spec_centroid,RF,FreeAcc,Y_spec_centroid,5.989461,1.667687,2.738894,11.632352,5.957070,6.957998,1.597617,7.101827,373,5.474607,1.501895,5.155297,1488,7.435312,1.068217,7.352172,280
RF_FreeAcc_Y_spec_power,RF,FreeAcc,Y_spec_power,4489.339679,4370.253009,0.791171,25381.662286,2958.524173,8904.411904,5304.031887,7510.297946,373,3201.750396,3211.709094,2169.911636,1488,5450.450086,4263.615778,4503.944817,280
RF_FreeAcc_Z_mean,RF,FreeAcc,Z_mean,-0.121251,0.543568,-2.194455,2.340621,-0.139157,0.187501,0.651686,0.276515,373,-0.225925,0.494623,-0.259421,1488,0.023714,0.434899,-0.054510,280
RF_FreeAcc_Z_std,RF,FreeAcc,Z_std,3.732646,1.655219,0.024333,9.632963,3.450284,5.333471,1.555494,5.384427,373,3.330779,1.480984,3.147939,1488,3.735760,1.345848,3.479765,280
RF_FreeAcc_Z_rms,RF,FreeAcc,Z_rms,3.776760,1.648788,0.029241,9.720107,3.477001,5.377728,1.550543,5.393989,373,3.378874,1.471776,3.196591,1488,3.758526,1.352695,3.483819,280
RF_FreeAcc_Z_dom_freq,RF,FreeAcc,Z_dom_freq,1.817934,1.263519,0.166667,7.833333,1.166667,2.835121,1.535082,3.500000,373,1.448993,0.939980,1.000000,1490,2.426190,1.384872,2.000000,280
RF_FreeAcc_Z_spec_centroid,RF,FreeAcc,Z_spec_centroid,5.417315,1.495545,2.438898,11.698715,5.275479,6.083902,1.356970,6.073951,373,5.050623,1.457569,4.654602,1488,6.478026,0.968054,6.254841,280
RF_FreeAcc_Z_spec_power,RF,FreeAcc,Z_spec_power,10036.115157,8783.356074,0.356435,55862.590253,7166.563057,18577.298469,10044.972273,17453.410258,373,7998.207348,7471.860598,5965.578370,1488,9488.063171,6298.375286,7289.602563,280
RF_Gyr_X_mean,RF,Gyr,X_mean,0.001786,0.111810,-0.530126,0.537806,0.004761,-0.049501,0.151939,-0.067639,373,0.028528,0.089528,0.024584,1488,-0.072008,0.097946,-0.068834,280
RF_Gyr_X_std,RF,Gyr,X_std,0.820062,0.314614,0.006002,2.061705,0.800108,1.053628,0.278578,1.031057,373,0.755365,0.289288,0.737375,1488,0.852740,0.336718,0.821423,280
RF_Gyr_X_rms,RF,Gyr,X_rms,0.826587,0.317392,0.006407,2.066875,0.805796,1.065259,0.280067,1.042651,373,0.760419,0.291292,0.741813,1488,0.860278,0.339436,0.826096,280
RF_Gyr_X_dom_freq,RF,Gyr,X_dom_freq,2.052652,1.211935,0.166667,11.666667,1.833333,1.967382,1.311843,1.833333,373,2.086577,1.184936,1.833333,1490,1.985714,1.211666,1.833333,280
RF_Gyr_X_spec_centroid,RF,Gyr,X_spec_centroid,6.592429,1.263889,3.650880,12.393152,6.407668,6.922983,1.298430,6.660201,373,6.527600,1.242186,6.379196,1488,6.496603,1.266111,6.184655,280
RF_Gyr_X_spec_power,RF,Gyr,X_spec_power,464.409811,348.160376,0.021687,2558.901591,385.386500,714.899329,384.951286,639.979966,373,393.836495,292.757906,327.323569,1488,505.768748,403.990753,406.196129,280
RF_Gyr_Y_mean,RF,Gyr,Y_mean,-0.023029,0.102751,-0.471548,0.609505,-0.020010,-0.037367,0.124506,-0.040689,373,-0.019238,0.101118,-0.017889,1488,-0.024074,0.073910,-0.013919,280
RF_Gyr_Y_std,RF,Gyr,Y_std,2.763035,0.991423,0.018121,5.085471,2.761083,3.700100,0.694203,3.797944,373,2.547492,0.942989,2.556540,1488,2.660184,0.851462,2.783600,280
RF_Gyr_Y_rms,RF,Gyr,Y_rms,2.764870,0.991895,0.018162,5.087026,2.762236,3.702296,0.694637,3.797946,373,2.549379,0.943506,2.557011,1488,2.661271,0.851602,2.784929,280
RF_Gyr_Y_dom_freq,RF,Gyr,Y_dom_freq,1.666511,0.333839,0.166667,3.166667,1.666667,1.742181,0.249616,1.833333,373,1.650895,0.357676,1.666667,1490,1.648810,0.283768,1.666667,280
RF_Gyr_Y_spec_centroid,RF,Gyr,Y_spec_centroid,5.227642,1.342255,2.896926,10.177260,5.035464,5.212883,1.229050,5.074276,373,5.272802,1.378252,5.069283,1488,5.007310,1.273124,4.819759,280
RF_Gyr_Y_spec_power,RF,Gyr,Y_spec_power,5187.378635,3289.820905,0.197669,15569.090613,4589.443420,8531.247439,2890.103913,8683.572460,373,4441.809999,2962.594286,3934.650800,1488,4695.032446,2634.758667,4664.621940,280
RF_Gyr_Z_mean,RF,Gyr,Z_mean,0.000224,0.100016,-0.451261,1.284022,0.000714,0.022683,0.142565,0.024501,373,-0.013483,0.087061,-0.008375,1488,0.043143,0.075530,0.039434,280
RF_Gyr_Z_std,RF,Gyr,Z_std,1.118341,0.519917,0.003798,3.734132,1.027239,1.581953,0.560479,1.629156,373,0.999956,0.429788,0.934454,1488,1.129878,0.554788,1.075715,280
RF_Gyr_Z_rms,RF,Gyr,Z_rms,1.122495,0.520581,0.004498,3.735994,1.031768,1.589398,0.557946,1.635814,373,1.003456,0.430654,0.939074,1488,1.133122,0.554973,1.076742,280
RF_Gyr_Z_dom_freq,RF,Gyr,Z_dom_freq,1.872764,0.963698,0.166667,9.333333,1.666667,1.758266,0.656186,1.833333,373,1.905705,1.037935,1.666667,1490,1.850000,0.884690,1.666667,280
RF_Gyr_Z_spec_centroid,RF,Gyr,Z_spec_centroid,5.900826,1.303252,3.016942,11.195396,5.716820,6.022993,1.373061,5.850768,373,5.889794,1.275865,5.694584,1488,5.796709,1.344060,5.632366,280
RF_Gyr_Z_spec_power,RF,Gyr,Z_spec_power,915.575378,870.322011,0.008682,8394.226862,635.248701,1695.170418,1205.350842,1597.810388,373,713.079424,618.095170,525.672118,1488,953.164774,896.615196,696.623541,280
