feature,healthy_median,healthy_mean,healthy_std,healthy_n,ortho_median,ortho_mean,ortho_std,ortho_n,neuro_median,neuro_mean,neuro_std,neuro_n,direction,kw_stat,kw_p,healthy_vs_ortho_p,healthy_vs_ortho_r,healthy_vs_neuro_p,healthy_vs_neuro_r,ortho_vs_neuro_p,ortho_vs_neuro_r,h_vs_n_direction,h_vs_n_concordance,h_vs_o_direction,h_vs_o_concordance
duration_s,10.666,11.342484884270194,9.533773560688548,73,15.834375000000001,17.09160533910534,10.591622541654305,44,31.1,36.11580257680916,19.40429310630542,143,↑ H<O<N,150.9042081155262,1.7043844361665633e-33,0.013807129778625107,0.27210460772104605,4.440905534667871e-28,0.91435961298975,2.4697241200737476e-16,0.8181818181818181,H < N,1.0,H < O,0.7954545454545454
RF_FreeAcc_Z__spec_centroid_hz,3.983051104102217,3.8959536345502856,0.8372818347973007,73,4.153535156376091,4.192046462651402,0.5196168479377996,44,2.5536221341262686,2.620673003717426,0.5537580837778071,143,∧ peak-ortho,135.81874293239446,3.21613820191008e-30,0.12245323026627773,0.17123287671232879,1.1721007178705847e-20,-0.775840597758406,1.2229531149919655e-20,-0.9297520661157024,H > N,0.951048951048951,H < O,0.5454545454545454
RF_Acc_Z__spec_centroid_hz,3.98305110410221,3.8959536345502856,0.8372818347973012,73,4.153535156376091,4.192046462651402,0.5196168479378004,44,2.553622134126269,2.6206730037174264,0.5537580837778073,143,∧ peak-ortho,135.81874293239446,3.21613820191008e-30,0.12245323026627773,0.17123287671232879,1.1721007178705847e-20,-0.775840597758406,1.2229531149919655e-20,-0.9297520661157024,H > N,0.951048951048951,H < O,0.5454545454545454
HE_FreeAcc_Y__spec_centroid_hz,2.3578380425264482,2.304023394838792,0.705140325946928,73,2.840082049134093,2.885298455926136,0.40486512947031794,44,1.3464938436028617,1.4251629597206605,0.43203700706075027,143,∧ peak-ortho,131.6064176802813,2.642588308340788e-29,7.022558009488315e-06,0.4975093399750934,5.319824642473358e-16,-0.6746814829006609,1.661525413025387e-22,-0.9742530197075652,H > N,0.965034965034965,H < O,0.8863636363636364
LF_Acc_Z__spec_centroid_hz,4.058108116951836,3.9081291994746845,0.8014946506700746,73,4.107065880268188,4.099449653518133,0.5146507392746612,44,2.6594845558961158,2.721699356717499,0.5648082081327437,143,∧ peak-ortho,129.1791054790201,8.894338558588246e-29,0.33737227069531395,0.10647571606475714,1.1585056262459691e-19,-0.7553405498610979,5.57525989139486e-20,-0.9135410044500953,H > N,0.965034965034965,H < O,0.5681818181818182
LF_FreeAcc_Z__spec_centroid_hz,4.058108116951835,3.9081291994746845,0.8014946506700744,73,4.107065880268189,4.099449653518132,0.5146507392746595,44,2.659484555896113,2.7216993567175,0.5648082081327439,143,∧ peak-ortho,129.1791054790201,8.894338558588246e-29,0.33737227069531395,0.10647571606475714,1.1585056262459691e-19,-0.7553405498610979,5.57525989139486e-20,-0.9135410044500953,H > N,0.965034965034965,H < O,0.5681818181818182
LF_FreeAcc_X__spec_centroid_hz,3.2614090890289007,3.039617598697504,0.6405280844348967,73,3.423876519810508,3.4193595975887603,0.4568700667442084,44,2.0293868327414395,2.1714830735773427,0.5117894977420253,143,∧ peak-ortho,120.07056255579016,8.452956255815883e-27,0.007336468718737864,0.29701120797011205,1.0650789555648898e-16,-0.6907749784462114,8.925437201261574e-20,-0.9084551811824539,H > N,0.965034965034965,H < O,0.6818181818181818
LF_Acc_X__spec_centroid_hz,3.2614090890288976,3.039617598697504,0.6405280844348968,73,3.4238765198105074,3.4193595975887607,0.45687006674420844,44,2.02938683274144,2.1714830735773427,0.5117894977420256,143,∧ peak-ortho,120.07056255579016,8.452956255815883e-27,0.007336468718737864,0.29701120797011205,1.0650789555648898e-16,-0.6907749784462114,8.925437201261574e-20,-0.9084551811824539,H > N,0.965034965034965,H < O,0.6818181818181818
RF_FreeAcc_X__spec_centroid_hz,3.2517772570402377,3.0253322985714046,0.6669213673636153,73,3.421674547967037,3.4469738621249992,0.4456824580378716,44,1.9760055574248194,2.1225928803703407,0.46820291978221434,143,∧ peak-ortho,118.3216824761663,2.0266236459594798e-26,0.007715054225854123,0.2951432129514321,1.129529040931034e-15,-0.6670179135932561,2.0952755320410788e-20,-0.9240305149396058,H > N,0.9440559440559441,H < O,0.6363636363636364
RF_Acc_X__spec_centroid_hz,3.2517772570402337,3.0253322985714055,0.666921367363616,73,3.4216745479670405,3.4469738621249975,0.4456824580378714,44,1.9760055574248205,2.12259288037034,0.46820291978221434,143,∧ peak-ortho,118.3216824761663,2.0266236459594798e-26,0.007715054225854123,0.2951432129514321,1.129529040931034e-15,-0.6670179135932561,2.0952755320410788e-20,-0.9240305149396058,H > N,0.9440559440559441,H < O,0.6363636363636364
LB_FreeAcc_Y__spec_centroid_hz,4.423263787937283,4.516028108821059,1.3166367877694873,73,3.946387965988169,3.963204866442331,1.2241300348773938,44,2.4924734528395454,2.5879796205819474,0.8625981774322572,143,↓ H>O>N,110.54265875289639,9.907558477412905e-25,0.06454372036899976,-0.2048567870485678,2.4853835863816904e-22,-0.8091771242456174,7.910333355700944e-11,-0.64907819453274,H > N,0.965034965034965,H > O,0.6363636363636364
LB_Acc_Y__spec_centroid_hz,4.423263787937282,4.516028108821059,1.3166367877694873,73,3.946387965988166,3.963204866442331,1.224130034877394,44,2.4924734528395467,2.5879796205819474,0.8625981774322572,143,↓ H>O>N,110.54265875289639,9.907558477412905e-25,0.06454372036899976,-0.2048567870485678,2.4853835863816904e-22,-0.8091771242456174,7.910333355700944e-11,-0.64907819453274,H > N,0.965034965034965,H > O,0.6363636363636364
HE_FreeAcc_X__spec_centroid_hz,1.5537023102218708,1.6094351633886619,0.44056504652691686,73,1.501534474199135,1.5451141653099705,0.4653238350088287,44,2.1926680637231475,2.294880568925955,0.49293712005528,143,∨ valley-ortho,105.51807415722965,1.2219159286796665e-23,0.32064609352359363,-0.11021170610211706,4.8712558567915505e-18,0.7206628987450905,1.263781250815061e-14,0.7695486331849968,H < N,0.9790209790209791,H > O,0.5454545454545454
HE_FreeAcc_Y__dom_freq_hz,1.6931987616450854,1.5468969270689261,0.433277772782909,73,1.6316586918659768,1.4748882774592078,0.4789508492196796,44,0.8268408856649433,0.8850496229840538,0.3580458624202478,143,↓ H>O>N,103.83933271045646,2.828625157766704e-23,0.2126406011104004,-0.13823163138231642,4.9546065435515684e-20,-0.7630041191685026,1.0339797899028352e-11,-0.6789574062301336,H > N,0.965034965034965,H > O,0.6136363636363636
LF_FreeAcc_Y__spec_centroid_hz,4.4067059357349105,4.174242033539571,1.5074422069501352,73,5.097143054927587,4.997462517286724,0.9519065351648898,44,2.1220890728633273,2.400747566738906,0.9029706820189015,143,∧ peak-ortho,101.64280786132463,8.48290708939213e-23,0.006742401685024679,0.3001245330012453,1.0708157614303997e-11,-0.565858798735511,7.483823637747878e-20,-0.9103623649078194,H > N,0.951048951048951,H < O,0.7727272727272727
LF_Acc_Y__spec_centroid_hz,4.406705935734917,4.174242033539571,1.5074422069501352,73,5.09714305492759,4.997462517286724,0.9519065351648895,44,2.122089072863327,2.4007475667389055,0.9029706820189013,143,∧ peak-ortho,101.64280786132463,8.48290708939213e-23,0.006742401685024679,0.3001245330012453,1.0708157614303997e-11,-0.565858798735511,7.483823637747878e-20,-0.9103623649078194,H > N,0.951048951048951,H < O,0.7727272727272727
LB_Gyr_Y__spec_power,108196.41786546135,161130.47674652445,189233.56055474535,73,123961.06479084538,174007.45591041783,171032.05679221582,44,399887.44109833695,612064.2169191703,645565.2519895881,143,↑ H<O<N,100.54466591691062,1.4689371137821395e-22,0.5452577239007059,0.06724782067247825,2.801011141368238e-19,0.7472938020883226,1.011360594923729e-11,0.6792752701843611,H < N,0.965034965034965,H < O,0.5909090909090909
RF_FreeAcc_Y__spec_centroid_hz,4.388936528842593,4.102553407486877,1.4621411341595392,73,4.95453418482753,4.85335653411583,0.9596377202607183,44,2.157901034590252,2.420050315673049,0.8472492435199287,143,∧ peak-ortho,100.18039075310071,1.7624002693170428e-22,0.025679266905782882,0.24719800747198006,1.236058224899167e-11,-0.564134495641345,7.483823637747878e-20,-0.9103623649078194,H > N,0.951048951048951,H < O,0.6590909090909091
RF_Acc_Y__spec_centroid_hz,4.388936528842597,4.102553407486876,1.462141134159539,73,4.954534184827528,4.853356534115829,0.9596377202607187,44,2.157901034590249,2.420050315673049,0.8472492435199287,143,∧ peak-ortho,100.18039075310071,1.7624002693170428e-22,0.025679266905782882,0.24719800747198006,1.236058224899167e-11,-0.564134495641345,7.483823637747878e-20,-0.9103623649078194,H > N,0.951048951048951,H < O,0.6590909090909091
HE_FreeAcc_X__dom_freq_hz,0.8594060466936038,0.9868922347984042,0.5957069840033952,73,0.7733123034452221,0.7904259155250165,0.262631734353155,44,1.7487148703781188,1.6735882655437657,0.45562978424154654,143,∨ valley-ortho,94.1338006899415,3.623305054918389e-21,0.07311096945692017,-0.19863013698630128,8.837543300275806e-12,0.5681578695277325,4.392546941515313e-18,0.8652256834075016,H < N,0.9440559440559441,H > O,0.7272727272727273
LB_FreeAcc_X__spec_centroid_hz,3.077083216118254,3.1377473206885473,0.6301102143141644,73,3.755323539335322,3.7544050249622,0.5272256161282346,44,2.478024095800937,2.6533134475326827,0.6095299027510594,143,∧ peak-ortho,89.59545562536732,3.504241343238415e-20,8.143592956673019e-07,0.5460772104607721,8.480309470584513e-09,-0.47945205479452047,2.5076624177903907e-17,-0.8452002542911634,H > N,0.8531468531468531,H < O,0.9090909090909091
LB_Acc_X__spec_centroid_hz,3.0770832161182544,3.137747320688547,0.630110214314166,73,3.755323539335323,3.7544050249622005,0.5272256161282345,44,2.4780240958009343,2.6533134475326827,0.6095299027510588,143,∧ peak-ortho,89.59545562536732,3.504241343238415e-20,8.143592956673019e-07,0.5460772104607721,8.480309470584513e-09,-0.47945205479452047,2.5076624177903907e-17,-0.8452002542911634,H > N,0.8531468531468531,H < O,0.9090909090909091
RF_Acc_X__std,6.19153848726431,6.25811181350856,1.2177191759861012,73,4.728098775308814,4.705839978848875,1.2802993416718809,44,4.322108648157678,4.259452037595139,1.2627114295035273,143,↓ H>O>N,85.33436681410228,2.9503781832168317e-19,6.694167800961955e-09,-0.6419676214196761,1.4307103743859938e-19,-0.7534246575342465,0.0898776669523158,-0.16942148760330578,H > N,0.9370629370629371,H > O,0.8863636363636364
RF_FreeAcc_X__std,6.191538487264325,6.25811181350856,1.2177191759861017,73,4.728098775308815,4.705839978848876,1.280299341671881,44,4.322108648157675,4.259452037595139,1.262711429503527,143,↓ H>O>N,85.33436681410228,2.9503781832168317e-19,6.694167800961955e-09,-0.6419676214196761,1.4307103743859938e-19,-0.7534246575342465,0.0898776669523158,-0.16942148760330578,H > N,0.9370629370629371,H > O,0.8863636363636364
LF_Acc_X__std,6.178429063836176,6.228714589444795,1.1482727569096949,73,4.765389213175867,4.673480205345455,1.3097317962681494,44,4.401450368161276,4.340231725059354,1.2439024038175355,143,↓ H>O>N,83.54721053022524,7.210306795469052e-19,3.2869409957736986e-09,-0.6550435865504358,3.451542670719783e-19,-0.7453779097614714,0.22554508874094326,-0.12110616656071205,H > N,0.9370629370629371,H > O,0.9090909090909091
LF_FreeAcc_X__std,6.178429063836175,6.228714589444795,1.1482727569096949,73,4.765389213175866,4.673480205345455,1.309731796268149,44,4.40145036816128,4.340231725059355,1.2439024038175357,143,↓ H>O>N,83.54721053022524,7.210306795469052e-19,3.2869409957736986e-09,-0.6550435865504358,3.451542670719783e-19,-0.7453779097614714,0.22554508874094326,-0.12110616656071205,H > N,0.9370629370629371,H > O,0.9090909090909091
LF_FreeAcc_X__rms,6.875159898654263,6.88482372380219,1.2879068495389963,73,5.011137158846392,4.962567671391127,1.4144182644407768,44,4.934426341256787,4.796974887321486,1.4262781023878537,143,↓ H>O>N,81.56984553605128,1.937907738664695e-18,1.9310108488969891e-10,-0.7048567870485678,2.996542943149265e-18,-0.7252610403295334,0.6823342282025071,-0.041004450095359246,H > N,0.9300699300699301,H > O,0.9318181818181818
RF_FreeAcc_X__rms,6.889776982350227,6.9202600374652095,1.3657396558418635,73,4.951863020004206,4.999177574226265,1.3765129204419249,44,4.817411977658567,4.728787255160192,1.4610226025283986,143,↓ H>O>N,81.15356039621861,2.3863177220814017e-18,3.2167638152157824e-10,-0.6961394769613947,3.524569511967827e-18,-0.7237283264680525,0.4194290428048656,-0.08073744437380803,H > N,0.9440559440559441,H > O,0.9318181818181818
RF_Acc_Y__std,3.2689833099599874,3.2862125662677464,0.7662987785427439,73,2.4220750768329316,2.543444680681954,0.7352028249630465,44,2.053042763089631,2.1433282764986594,0.7218859469998974,143,↓ H>O>N,79.78741024971907,4.7248062226874146e-18,2.516081315815293e-06,-0.5211706102117062,3.59671934822909e-18,-0.7235367372353674,0.0015713673945070216,-0.3156389065479974,H > N,0.9300699300699301,H > O,0.8181818181818182
RF_FreeAcc_Y__std,3.2689833099599896,3.286212566267746,0.7662987785427439,73,2.4220750768329316,2.543444680681954,0.7352028249630468,44,2.0530427630896315,2.1433282764986594,0.7218859469998974,143,↓ H>O>N,79.78741024971907,4.7248062226874146e-18,2.516081315815293e-06,-0.5211706102117062,3.59671934822909e-18,-0.7235367372353674,0.0015713673945070216,-0.3156389065479974,H > N,0.9300699300699301,H > O,0.8181818181818182
LF_Acc_Y__mean,0.7220463064305389,0.3355998038828044,1.84178250692261,73,0.9238961209956886,1.0674322640315113,1.175170976141195,44,-1.264272686789139,-1.1960443244067835,1.4384436940910033,143,∧ peak-ortho,79.76613048361719,4.7753460002086886e-18,0.05609456722084549,0.21170610211706098,7.210282696672998e-10,-0.512980170514417,8.481425467473378e-16,-0.8032422123331213,H > N,0.9230769230769231,H < O,0.6136363636363636
LB_Gyr_Z__spec_power,210758.2293211109,295639.31644778984,243315.065615876,73,148860.24222499778,212673.31223162598,217878.69315584036,44,472121.92338910635,621835.4567726065,557295.708391017,143,∨ valley-ortho,78.90970489668041,7.327828513475363e-18,0.06373455493856117,-0.20547945205479445,7.923705607700529e-11,0.5413353769518153,1.9772064384833156e-14,0.7638270820089001,H < N,0.8881118881118881,H > O,0.6818181818181818
RF_FreeAcc_Y__rms,3.290158145597141,3.334320876282369,0.7574249483807454,73,2.4240497180917755,2.5581822534426317,0.7352287394713957,44,2.1340038262126404,2.2080068711311256,0.7202172382464455,143,↓ H>O>N,78.24096913405992,1.0237394121084134e-17,1.024464976793584e-06,-0.5410958904109588,5.72387632930536e-18,-0.7191301848836096,0.005400038527360729,-0.2778130959949141,H > N,0.9230769230769231,H > O,0.8181818181818182
LB_FreeAcc_Z__spec_centroid_hz,2.894829333689028,2.931793718513231,0.8008054256137743,73,2.62500429019718,2.6256357049273125,0.6862402714665945,44,2.019863572118535,2.029306715054697,0.47820315805947144,143,↓ H>O>N,76.91403877725406,1.9875986315889845e-17,0.061357195749336436,-0.2073474470734744,3.709376175182502e-16,-0.6783216783216783,1.210032173536407e-07,-0.5282898919262555,H > N,0.958041958041958,H > O,0.6590909090909091
LB_Acc_Z__spec_centroid_hz,2.8948293336890227,2.931793718513231,0.8008054256137745,73,2.625004290197181,2.6256357049273116,0.6862402714665947,44,2.0198635721185334,2.0293067150546964,0.47820315805947117,143,↓ H>O>N,76.91403877725406,1.9875986315889845e-17,0.061357195749336436,-0.2073474470734744,3.709376175182502e-16,-0.6783216783216783,1.210032173536407e-07,-0.5282898919262555,H > N,0.958041958041958,H > O,0.6590909090909091
LF_FreeAcc_Z__std,4.785523690289201,4.702328718364461,1.118464076585439,73,3.356167914947332,3.5254267873716327,1.0493444435075199,44,2.9782429125332626,3.093703900036691,1.047382987202082,143,↓ H>O>N,76.19505944136404,2.8474300772998675e-17,1.5459967551338776e-07,-0.5809464508094646,3.111611110462382e-17,-0.7028451001053742,0.00956850731633652,-0.25874125874125875,H > N,0.9230769230769231,H > O,0.8409090909090909
LF_Acc_Z__std,4.785523690289206,4.702328718364461,1.1184640765854386,73,3.3561679149473305,3.525426787371633,1.0493444435075194,44,2.9782429125332635,3.0937039000366915,1.047382987202082,143,↓ H>O>N,76.19505944136404,2.8474300772998675e-17,1.5459967551338776e-07,-0.5809464508094646,3.111611110462382e-17,-0.7028451001053742,0.00956850731633652,-0.25874125874125875,H > N,0.9230769230769231,H > O,0.8409090909090909
LF_FreeAcc_Z__rms,4.786217748836654,4.727474100114607,1.1181989338937246,73,3.36721475721514,3.5375102276999937,1.0478091375176801,44,3.0216078836333455,3.1239291774403872,1.0395697483558934,143,↓ H>O>N,76.01175260189098,3.1207403956078804e-17,1.209793175322093e-07,-0.5859277708592776,3.5016155526754e-17,-0.7016955647092633,0.011183931907157137,-0.25333757151938974,H > N,0.9230769230769231,H > O,0.8409090909090909
RF_FreeAcc_Z__dom_freq_hz,1.655691084562255,2.1287866524627725,1.152022854552702,73,1.6762126738995995,1.7704547528743788,0.789137194986461,44,0.9634884990328254,1.0902834445661984,0.43608805678930185,143,∧ peak-ortho,72.91483159416566,1.4680657100748206e-16,0.2147127274963324,-0.13760896637608977,9.564956541004548e-15,-0.6447935626017818,2.5145732383070246e-08,-0.5562619198982834,H > N,0.916083916083916,H > O,0.4772727272727273
RF_Acc_Z__dom_freq_hz,1.655691084562255,2.1287866524627725,1.152022854552702,73,1.6762126738995995,1.7704547528743788,0.789137194986461,44,0.9634884990328254,1.0902834445661984,0.43608805678930185,143,∧ peak-ortho,72.91483159416566,1.4680657100748206e-16,0.2147127274963324,-0.13760896637608977,9.564956541004548e-15,-0.6447935626017818,2.5145732383070246e-08,-0.5562619198982834,H > N,0.916083916083916,H > O,0.4772727272727273
LF_Gyr_X__spec_power,2725955.887938442,2834162.860830673,1077168.4908662937,73,2199025.3853848525,2893624.702287807,1774884.2662938489,44,4132881.401613991,5175418.4494112525,3131384.34814817,143,∨ valley-ortho,69.00668970395907,1.0360667196095561e-15,0.2274515409803891,-0.13387297633872985,1.3070995265122343e-12,0.590573809751892,1.0970565254774235e-09,0.6083916083916083,H < N,0.8041958041958042,H < O,0.38636363636363635
RF_FreeAcc_X__mean,2.879501151718392,2.9075166775802006,0.7826924267692167,73,1.4980408739503006,1.6531592358809293,0.5947525958006941,44,1.9742300548336835,1.9326377775777976,0.9865323986100412,143,∨ valley-ortho,65.63529195632691,5.590844878194879e-15,1.0306670778105705e-12,-0.7889165628891657,1.3598369960844927e-11,-0.5629849602452341,0.011183931907157137,0.25333757151938974,H > N,0.8321678321678322,H > O,1.0
LB_FreeAcc_X__rms,1.7291792024093522,1.7086059201662305,0.4824544938484051,73,1.1553450521758801,1.195569869901925,0.40430553235545297,44,1.041539795053521,1.1419679346111278,0.41271374619774176,143,↓ H>O>N,64.99666766865641,7.694013512617644e-15,2.842953892681479e-08,-0.6145703611457036,7.418688408669992e-15,-0.6474758118593735,0.2725310414299791,-0.10966306420851879,H > N,0.916083916083916,H > O,0.9090909090909091
LB_Acc_X__std,1.7290782372493805,1.7017797459243975,0.4824172735253798,73,1.1539076657779748,1.187909136446422,0.40943351896273933,44,1.0399397699475779,1.132064988965648,0.41737713547471306,143,↓ H>O>N,64.81057096979293,8.444293687664834e-15,3.0318173315929405e-08,-0.6133250311332503,7.978159152085229e-15,-0.646709454928633,0.2767287612423772,-0.10870947234583594,H > N,0.916083916083916,H > O,0.9090909090909091
LB_FreeAcc_X__std,1.7290782372493811,1.7017797459243973,0.48241727352538005,73,1.1539076657779748,1.187909136446422,0.4094335189627392,44,1.0399397699475779,1.132064988965648,0.41737713547471317,143,↓ H>O>N,64.81057096979293,8.444293687664834e-15,3.0318173315929405e-08,-0.6133250311332503,7.978159152085229e-15,-0.646709454928633,0.2767287612423772,-0.10870947234583594,H > N,0.916083916083916,H > O,0.9090909090909091
RF_Gyr_Y__spec_power,23449287.00021281,23510786.992796913,6513612.755690866,73,20714522.268914886,22082310.330620322,8371647.4183557555,44,30578120.140242707,35489747.10367032,22234616.424322456,143,∨ valley-ortho,64.49551323342052,9.885013063805597e-15,0.05830206130609358,-0.20983810709838102,5.0726287472275137e-11,0.5468914646996839,7.062594942190732e-10,0.6153846153846154,H < N,0.8461538461538461,H > O,0.6818181818181818
HE_Acc_X__std,1.5758875019973526,1.594245651376832,0.3927056266661702,73,1.1124863012222055,1.1556025677666926,0.3459186627895018,44,1.081730383675599,1.1291101203175395,0.38269825582910016,143,↓ H>O>N,62.586837243761124,2.5670892770559793e-14,6.473227823472952e-09,-0.6425902864259028,4.866025259759056e-14,-0.6273589424274355,0.5849027317478304,-0.05467260012714559,H > N,0.8951048951048951,H > O,0.9090909090909091
LF_Acc_Z__rms,9.689925277513815,9.565539228822143,1.0549743614258948,73,9.123560929863338,9.052071143102031,0.8854996934809821,44,8.359924065817742,8.364740197491761,0.8608546674617373,143,↓ H>O>N,62.21086461713617,3.09800697470217e-14,0.006086819958244673,-0.30386052303860533,1.769547753136279e-13,-0.6131813392087364,1.0199614192954612e-05,-0.44055944055944063,H > N,0.9300699300699301,H > O,0.7954545454545454
LF_Acc_X__rms,10.600302844025828,10.538029687572559,1.3215705642582558,73,8.473809177398753,8.654138348287896,1.2908172110118579,44,8.577304220520652,8.805054976559207,1.475807406892417,143,∨ valley-ortho,61.85681091675781,3.697976741771365e-14,2.782044201656637e-10,-0.6986301369863013,4.309703630936063e-13,-0.60321869910911,0.589288532321615,0.05403687221869036,H > N,0.8531468531468531,H > O,0.9318181818181818
RF_Acc_Z__rms,9.762761350709795,9.553667674225101,1.1109418320703535,73,8.663121203416111,8.891546000050589,0.8807099240515718,44,8.48621494917304,8.363054178220285,0.8646485075470334,143,↓ H>O>N,60.91261538868093,5.929166268394546e-14,9.313420843850851e-05,-0.43275217932752175,5.602563402150447e-14,-0.6258262285659546,0.0014393058309366893,-0.3181818181818181,H > N,0.951048951048951,H > O,0.8636363636363636
HE_Gyr_X__rms,0.654143167451039,0.6818797397669794,0.12489650224450775,73,0.5268052344291714,0.5221369775761101,0.12779278277956746,44,0.521149477203356,0.5158137105798156,0.14904513313455842,143,↓ H>O>N,60.90404946966123,5.954615106719091e-14,3.069474397745838e-09,-0.6562889165628891,1.863509127528396e-13,-0.6126065715106812,0.6940575525977718,-0.03941513032422117,H > N,0.8461538461538461,H > O,0.9090909090909091
RF_Acc_Y__mean,-1.3943853510210205,-0.5070574634232422,3.0570210222977896,73,-1.593594243127416,-1.1592712043586548,1.4718995947006672,44,1.1481247594382693,1.1236018104299323,1.6855890355224024,143,∨ valley-ortho,60.13986602220871,8.725574322166622e-14,0.5832707396749115,-0.06102117061021173,1.9813564872781582e-08,0.4673819331353578,5.18460589802119e-12,0.6888111888111887,H < N,0.9370629370629371,H > O,0.5454545454545454
RF_Acc_Y__rms,4.11275120454419,4.341536658279342,1.5005337610676488,73,3.1402855057031522,3.2069313182838584,0.7799705368564116,44,2.6129090634469354,2.898362229321912,1.0727240544795729,143,↓ H>O>N,59.76784990381168,1.0509360644879337e-13,3.5923294443415673e-06,-0.5130759651307597,1.0339221256476914e-13,-0.6191206054219753,0.012805872360040911,-0.24856961220597573,H > N,0.9020979020979021,H > O,0.8863636363636364
LF_Gyr_Z__spec_power,4414523.087984503,4740878.831250923,2478105.866160946,73,3927802.27200095,4652360.641440004,3237275.78823463,44,6958382.69336362,9107612.582681691,6857101.610586232,143,∨ valley-ortho,59.69232099005717,1.0913830159007019e-13,0.6791889345003747,-0.04607721046077207,1.2323357911223326e-10,0.5357792892039468,3.423672912655792e-09,0.5899554990464082,H < N,0.8181818181818182,H > O,0.6136363636363636
LF_FreeAcc_X__mean,2.983948797483195,2.682331545275973,1.296342058725575,73,1.588205630081367,1.6086327883349136,0.6290900552709333,44,1.9348336519482532,1.9327476669080574,0.9370756234446577,143,∨ valley-ortho,59.66150209600494,1.1083308678268703e-13,4.86788639580738e-11,-0.727895392278954,9.517521899246532e-11,-0.5390363061595937,0.006310661269825655,0.2727272727272727,H > N,0.8951048951048951,H > O,0.9545454545454546
LF_Gyr_X__mean,0.08259219216795725,0.06158629768079453,0.14543840003909214,73,0.08301795079090234,0.0808194352203263,0.10388430733160094,44,-0.04153522852857865,-0.04330867750045698,0.0870763609157913,143,∧ peak-ortho,59.11264068404978,1.458321135528856e-13,0.7762926388153981,0.03175591531755917,1.273564618091205e-08,-0.4737043778139669,1.605924642831886e-11,-0.6726001271455817,H > N,0.9230769230769231,H < O,0.5227272727272727
HE_Gyr_X__std,0.6389842812203115,0.6512479758368852,0.11270008538474788,73,0.5163578220671939,0.5082183443989856,0.12486553591297919,44,0.5014099226923416,0.4937584397552257,0.14264701849666728,143,↓ H>O>N,59.01616112349552,1.530394655899859e-13,2.4988656367469666e-08,-0.6170610211706102,2.175790506977253e-13,-0.6108822684165149,0.5376907863855461,-0.06166560712015268,H > N,0.8671328671328671,H > O,0.9090909090909091
RF_FreeAcc_Z__std,4.553167223238295,4.591386786164587,1.1106454241194523,73,3.3679079137711656,3.3948766468110816,0.8962689800506659,44,3.200429333248958,3.2858127666088595,1.0764961309161334,143,↓ H>O>N,58.156354892881495,2.3523827778560814e-13,3.44674382306363e-08,-0.6108343711083437,3.574207646074912e-13,-0.6053261806686465,0.3598220789162301,-0.09154481881754606,H > N,0.8601398601398601,H > O,0.9090909090909091
RF_Acc_Z__std,4.5531672232382965,4.591386786164587,1.110645424119452,73,3.3679079137711687,3.394876646811082,0.8962689800506659,44,3.2004293332489597,3.28581276660886,1.0764961309161336,143,↓ H>O>N,58.156354892881495,2.3523827778560814e-13,3.44674382306363e-08,-0.6108343711083437,3.574207646074912e-13,-0.6053261806686465,0.3598220789162301,-0.09154481881754606,H > N,0.8601398601398601,H > O,0.9090909090909091
RF_FreeAcc_Z__rms,4.584131743935121,4.615522215554916,1.1104175296670116,73,3.3749461050503786,3.4097163475979486,0.9036000212137071,44,3.209239010253456,3.3186374939184176,1.0719321002272564,143,↓ H>O>N,57.909386322409205,2.6615616785480585e-13,2.9359125134079097e-08,-0.613947696139477,4.309703630936063e-13,-0.60321869910911,0.3977575707780737,-0.08455181182453919,H > N,0.8671328671328671,H > O,0.9090909090909091
HE_Gyr_Z__rms,0.25634266900027225,0.2704436567423787,0.0757129165269266,73,0.21240184074288948,0.225442257176341,0.06293981681044597,44,0.1839384330664164,0.19046845983400437,0.06816814276798801,143,↓ H>O>N,56.80464610241688,4.624106475040872e-13,0.000928388263032827,-0.3667496886674968,3.5138097664510913e-13,-0.6055177699013314,0.0008488676434246744,-0.3331214240305149,H > N,0.8671328671328671,H > O,0.75
RF_Acc_X__rms,10.728271130883527,10.824235680588027,1.7113120471869474,73,8.667963362357295,8.753528063672752,1.26417960244193,44,8.885097928013696,9.03664566013154,1.6613129516948777,143,∨ valley-ortho,56.68614058990681,4.906377620192138e-13,2.1552603604908765e-10,-0.7029887920298878,1.6711371252715277e-11,-0.5604943002203275,0.29985873713578093,0.10362364907819455,H > N,0.8251748251748252,H > O,0.9318181818181818
HE_Gyr_Z__std,0.2525343771008811,0.264024947315307,0.0740453042427023,73,0.2087532463903699,0.2216929955120752,0.06198370644046157,44,0.17752800757338744,0.18627206725947382,0.06638263367992403,143,↓ H>O>N,56.38704408305614,5.697822973404561e-13,0.0017071891224244653,-0.3474470734744708,4.691338691791428e-13,-0.6022607529456845,0.0005651195291279923,-0.34424666242848057,H > N,0.8741258741258742,H > O,0.75
HE_Acc_X__spec_centroid_hz,2.4198752707442837,2.4969346740154474,0.4694475682741943,73,2.840082049134099,2.8852984559261334,0.4048651294703164,44,2.1926680637231497,2.2956418008708748,0.49429926238070937,143,∧ peak-ortho,55.61042055699954,8.40137959969683e-13,1.5704149211996746e-05,0.47820672478206727,0.0005651548386261757,-0.28709646517865695,6.171510366651726e-13,-0.7183725365543547,H > N,0.6433566433566433,H < O,0.8636363636363636
LF_Gyr_Y__std,3.1605470294974127,3.1667001296000135,0.5398232593585124,73,2.3780934929758155,2.3055755770575783,0.5464310613178703,44,2.5753757924343867,2.5033603625205103,0.7295911342882329,143,∨ valley-ortho,55.4870020469217,8.936153018647253e-13,2.858213751230726e-11,-0.7366127023661271,5.230135452239943e-10,-0.5171951336334899,0.0309374135859545,0.21551176096630642,H > N,0.8321678321678322,H > O,0.9318181818181818
LF_Gyr_Y__rms,3.1605920063006483,3.167219384650377,0.5401695408391521,73,2.378636724036088,2.3057503560971107,0.5464516792345755,44,2.575423459923626,2.5040596613421062,0.7297805466469754,143,∨ valley-ortho,55.35425601250972,9.549398828994738e-13,2.858213751230726e-11,-0.7366127023661271,5.710179674907977e-10,-0.516045598237379,0.03069056327466136,0.21582962492053404,H > N,0.8321678321678322,H > O,0.9318181818181818
LF_FreeAcc_Y__std,3.060145423059408,3.120397887590414,0.6821313810646843,73,2.2522739115666015,2.435307534357093,0.7313503518136915,44,2.218622049573085,2.2991017502828583,0.7135349003168491,143,↓ H>O>N,53.34746955683511,2.604618818197566e-12,3.3104424920269857e-06,-0.5149439601494397,6.360431076374634e-13,-0.5988121467573522,0.39068646350908665,-0.08582326764144943,H > N,0.8671328671328671,H > O,0.7727272727272727
LF_Acc_Y__std,3.060145423059407,3.120397887590414,0.6821313810646843,73,2.252273911566602,2.4353075343570927,0.7313503518136912,44,2.218622049573085,2.299101750282858,0.7135349003168492,143,↓ H>O>N,53.34746955683511,2.604618818197566e-12,3.3104424920269857e-06,-0.5149439601494397,6.360431076374634e-13,-0.5988121467573522,0.39068646350908665,-0.08582326764144943,H > N,0.8671328671328671,H > O,0.7727272727272727
LF_Gyr_Y__spec_power,23841432.376788896,24181057.614150446,6463429.844699485,73,20534317.052042305,21195131.33556207,7167302.6496024905,44,29331546.5547733,34494582.650181696,21438134.12432109,143,∨ valley-ortho,52.40192736481208,4.1789391962294195e-12,0.005781060393126608,-0.30572851805728507,1.4837034861195983e-07,0.4374940128364786,1.448299950698886e-09,0.6039415130324222,H < N,0.7692307692307693,H > O,0.75
LF_FreeAcc_Y__rms,3.098264628531289,3.1587971120623934,0.6878358103985037,73,2.2783568243453596,2.458574319931328,0.7355903709044574,44,2.2658477969358555,2.357797340610059,0.7253807005754465,143,↓ H>O>N,51.8249302524564,5.5764701671871794e-12,1.657666790258586e-06,-0.5305105853051058,1.9457641471227875e-12,-0.5859756681674491,0.5696732077873898,-0.05689764780673867,H > N,0.8531468531468531,H > O,0.7727272727272727
LB_FreeAcc_Z__std,1.3462381936540757,1.3837729311222553,0.3399606001804304,73,1.036683014334233,1.0072581617922565,0.2556574363292226,44,1.021938212353033,1.0539912234694262,0.2716536650992922,143,↓ H>O>N,51.252675723196376,7.423742086156265e-12,2.4193724982599928e-08,-0.6176836861768369,3.233274517667295e-11,-0.5524475524475525,0.3802240926949817,0.08773045136681501,H > N,0.8601398601398601,H > O,0.9318181818181818
LB_Acc_Z__std,1.3462381936540757,1.383772931122255,0.3399606001804304,73,1.0366830143342338,1.0072581617922565,0.2556574363292228,44,1.021938212353033,1.053991223469426,0.2716536650992921,143,↓ H>O>N,51.252675723196376,7.423742086156265e-12,2.4193724982599928e-08,-0.6176836861768369,3.233274517667295e-11,-0.5524475524475525,0.3802240926949817,0.08773045136681501,H > N,0.8601398601398601,H > O,0.9318181818181818
LB_Gyr_Y__rms,0.20867054298710858,0.23954047616139293,0.09779938174337452,73,0.17924446599687896,0.18215249752221305,0.04813644411827901,44,0.2651827642063223,0.29038603222646275,0.11066243234351696,143,∨ valley-ortho,50.98083015055511,8.50459019477431e-12,1.8289388342732738e-05,-0.47447073474470725,8.783902472710247e-05,0.3265638471117923,8.608992195726575e-11,0.6478067387158296,H < N,0.7342657342657343,H > O,0.8181818181818182
LB_Gyr_Y__std,0.20799273857255657,0.23775000227486223,0.09710604100147417,73,0.1779371490928052,0.18097982717229077,0.048225376607034666,44,0.2648948120521963,0.28957498678270527,0.11083500485356859,143,∨ valley-ortho,50.52735188699717,1.0669030217004809e-11,2.731329504009958e-05,-0.464508094645081,9.039118920719904e-05,0.3259890794137369,9.367869325310414e-11,0.6465352828989193,H < N,0.7272727272727273,H > O,0.8181818181818182
HE_Gyr_Z__spec_centroid_hz,1.412384967122065,1.440878299528357,0.448639457056039,73,1.1782340709682837,1.2856832782091614,0.34411161033627047,44,1.8241588901456587,1.8670198889805774,0.5888616307935279,143,∨ valley-ortho,50.07069824365533,1.340559281455348e-11,0.06702222420234905,-0.20298879202988784,1.6600982446058045e-07,0.43576970974231244,2.1888804221997605e-09,0.5972663699936427,H < N,0.7622377622377622,H > O,0.7272727272727273
RF_Gyr_X__spec_power,2590705.5516855293,2836820.029068983,981327.6634942334,73,2383893.8434800915,3080408.6440142407,1907622.0474785885,44,3799567.6863170182,4890099.4875688115,4095129.651061495,143,∨ valley-ortho,49.051494141917715,2.231533354230866e-11,0.32064609352359363,-0.11021170610211706,3.95559834295304e-10,0.5208353290545071,1.6783622399591998e-06,0.4780673871582962,H < N,0.8461538461538461,H < O,0.4090909090909091
LB_Gyr_X__spec_power,1020346.444569217,1018462.6321973895,273289.95928946655,73,909101.3338705867,1027509.9983509985,431636.20973711944,44,1283383.8135300875,1580815.2367664643,1003217.6642960373,143,∨ valley-ortho,48.6069223171728,2.7870254059849837e-11,0.2888477590047127,-0.11768368617683689,9.983835612521176e-09,0.4771529840022991,7.533020327423738e-08,0.5368722186904005,H < N,0.7622377622377622,H < O,0.2727272727272727
LF_FreeAcc_Z__dom_freq_hz,1.7553395646329857,2.143300089577468,1.1348382156424648,73,1.6249832118250984,1.8427396824148148,1.0181515222898763,44,0.9938133947852458,1.1752919130882622,0.5357704027080559,143,↓ H>O>N,48.577977745157455,2.8276533150168795e-11,0.12520089209929583,-0.16998754669987548,3.133889657133419e-11,-0.5528307309129228,0.00010540181108575322,-0.3871582962492053,H > N,0.8881118881118881,H > O,0.5454545454545454
LF_Acc_Z__dom_freq_hz,1.7553395646329857,2.143300089577468,1.1348382156424648,73,1.6249832118250984,1.8427396824148148,1.0181515222898763,44,0.9938133947852458,1.1752919130882622,0.5357704027080559,143,↓ H>O>N,48.577977745157455,2.8276533150168795e-11,0.12520089209929583,-0.16998754669987548,3.133889657133419e-11,-0.5528307309129228,0.00010540181108575322,-0.3871582962492053,H > N,0.8881118881118881,H > O,0.5454545454545454
LB_FreeAcc_Y__dom_freq_hz,2.8825149276841815,2.951770232431297,2.0701666636119147,73,0.841035188178058,1.5568757364306622,1.3592864695317706,44,0.885829502507147,1.3290931183398271,1.0427556721481266,143,∨ valley-ortho,45.40669310462556,1.3805809345156546e-10,1.8540281210558042e-06,-0.5280199252801991,8.295787701058515e-11,-0.54076060925376,0.7707203285390608,0.029243483788938374,H > N,0.916083916083916,H > O,0.8636363636363636
LB_Acc_Y__dom_freq_hz,2.8825149276841815,2.951770232431297,2.0701666636119147,73,0.841035188178058,1.5568757364306622,1.3592864695317706,44,0.885829502507147,1.3290931183398271,1.0427556721481266,143,∨ valley-ortho,45.40669310462556,1.3805809345156546e-10,1.8540281210558042e-06,-0.5280199252801991,8.295787701058515e-11,-0.54076060925376,0.7707203285390608,0.029243483788938374,H > N,0.916083916083916,H > O,0.8636363636363636
LB_Gyr_X__rms,0.6630420465661331,0.6749532527737452,0.1458893337347743,73,0.5058432136927556,0.5159671620374895,0.11850816297367867,44,0.5176913207238405,0.537324219448642,0.15247426029159833,143,∨ valley-ortho,44.70189989691289,1.9638385099672388e-10,2.0573171970906632e-08,-0.6207970112079702,1.8088771438726596e-09,-0.5007184596225691,0.44177963555158906,0.07692307692307687,H > N,0.7972027972027972,H > O,0.9090909090909091
RF_Gyr_Z__rms,1.5024003130519752,1.4934253650200142,0.4037525797872606,73,1.094251283084559,1.1387136016252153,0.364064237320227,44,1.0848606175545354,1.1146902201819782,0.3366171672526985,143,↓ H>O>N,44.38689355591907,2.2988388600010383e-10,9.876706285712083e-06,-0.4894146948941469,6.49133092429285e-11,-0.5438260369767218,0.7585708212989745,-0.030832803560076227,H > N,0.8881118881118881,H > O,0.8409090909090909
LB_Acc_X__rms,9.93018173187496,9.779724464229343,0.43671107035259116,73,9.84533889809044,9.750615303871742,0.3081510591064891,44,9.608078485231832,9.522614755632228,0.39314964916588824,143,↓ H>O>N,44.16007092358973,2.5749122816210886e-10,0.11842036198929523,-0.17310087173100874,4.567884476947428e-09,-0.48807357026535114,5.6174205329764555e-06,-0.4532739987285441,H > N,0.9300699300699301,H > O,0.7954545454545454
RF_Gyr_Y__std,3.0976688521127373,3.117851764833582,0.5716339030106737,73,2.382069223732156,2.336448121216954,0.5459948043585529,44,2.6233645153363625,2.547034966272605,0.7271925080250823,143,∨ valley-ortho,43.66519881533134,3.297786620160192e-10,8.166481387604769e-10,-0.6799501867995019,1.1688517601722406e-07,-0.44113420825749583,0.033501078374705714,0.2123331214240305,H > N,0.7552447552447552,H > O,0.9318181818181818
RF_Gyr_Y__rms,3.098857913607496,3.118903868013966,0.5721198356309314,73,2.382288300443533,2.3366650900245713,0.5460089189702049,44,2.623498059311824,2.5477919973563647,0.7273895927771712,143,∨ valley-ortho,43.664948970097726,3.2981986140275873e-10,8.166481387604769e-10,-0.6799501867995019,1.1836723601341623e-07,-0.4409426190248109,0.03297428031367219,0.21296884933248572,H > N,0.7552447552447552,H > O,0.9318181818181818
RF_Gyr_Z__std,1.5004831877283213,1.4847079496532076,0.4043070806962576,73,1.092087106628329,1.133223695425022,0.36449006460249506,44,1.079630664009361,1.1103328015453473,0.3358454510695593,143,↓ H>O>N,43.48078786032352,3.616320237191007e-10,1.0404022064070015e-05,-0.4881693648816936,1.0914596888950941e-10,-0.5373120030654277,0.7902759141289122,-0.026700572155117674,H > N,0.8951048951048951,H > O,0.8409090909090909
LB_Gyr_X__std,0.6473220655685502,0.6528627118126515,0.13422564921064695,73,0.4923906359925555,0.5026359883436035,0.11657911380932073,44,0.5118538899538296,0.5255855103994153,0.1502440472829018,143,∨ valley-ortho,42.585221169102624,5.658961220300408e-10,3.5587876540731825e-08,-0.6102117061021171,5.102879126099474e-09,-0.48654085640387,0.4194290428048656,0.08073744437380803,H > N,0.7902097902097902,H > O,0.9090909090909091
LB_Acc_Y__std,1.108583377116207,1.1294994799695375,0.3019234297899799,73,1.0018874421195012,1.0183427827684652,0.22011248912592965,44,0.8279468166031136,0.8751562012847595,0.2593424663629757,143,↓ H>O>N,42.10652286802133,7.189268988139007e-10,0.061357195749336436,-0.2073474470734744,1.0967216693344049e-09,-0.5074240827665486,0.00024181206074714852,-0.36649713922441185,H > N,0.8181818181818182,H > O,0.6818181818181818
LB_FreeAcc_Y__std,1.1085833771162066,1.1294994799695375,0.30192342978998,73,1.0018874421195019,1.0183427827684652,0.2201124891259296,44,0.8279468166031141,0.8751562012847593,0.2593424663629757,143,↓ H>O>N,42.10652286802133,7.189268988139007e-10,0.061357195749336436,-0.2073474470734744,1.0967216693344049e-09,-0.5074240827665486,0.00024181206074714852,-0.36649713922441185,H > N,0.8181818181818182,H > O,0.6818181818181818
LB_Acc_X__mean,9.786192066852951,9.618932228014765,0.4103406809412988,73,9.764988430986861,9.66901351238438,0.2899724175793182,44,9.542716534416506,9.445701172140701,0.3785360606941995,143,↓ H>O>N,39.91277540211081,2.1530342706691516e-09,0.6505791375385881,-0.050435865504358635,3.075256165731031e-07,-0.4261902481080564,4.494490453722936e-07,-0.5038143674507312,H > N,0.9090909090909091,H < O,0.45454545454545453
HE_FreeAcc_Y__std,1.4616760193284772,1.4465110809091588,0.44880626952643987,73,1.1124863012222055,1.1556025677666935,0.34591866278950145,44,1.0364104277516364,1.065872552671966,0.30326831233998225,143,↓ H>O>N,39.82163457885815,2.2534188402365415e-09,0.00014747700768858612,-0.4202988792029887,5.307312958860925e-10,-0.5170035444008048,0.1878314275260864,-0.13159567705022246,H > N,0.9230769230769231,H > O,0.8636363636363636
RF_Acc_Z__mean,8.447635341025462,8.294118989564362,1.1586994293431867,73,8.128802456653506,8.167455686198862,0.8258163085117416,44,7.648933510898369,7.596928237096082,0.935767036557087,143,↓ H>O>N,39.699798644967814,2.3949599645557295e-09,0.06293378704521263,-0.2061021170610211,3.760056362913245e-09,-0.4907558195229429,0.00031735178518407233,-0.359504132231405,H > N,0.8741258741258742,H > O,0.6590909090909091
LB_FreeAcc_Z__rms,1.448282571105291,1.44676845096438,0.3830768030564111,73,1.1619071342025526,1.1250058633057487,0.2686767572250957,44,1.1339950578955138,1.1516368343824148,0.2845631849425791,143,↓ H>O>N,38.150745050886826,5.1960218892074885e-09,1.9065048931353558e-06,-0.5273972602739727,7.92101306786499e-09,-0.48041000095794617,0.6092097552774769,0.05117609663064204,H > N,0.8531468531468531,H > O,0.9090909090909091
HE_Gyr_Y__std,0.2938710974762624,0.30948105391828695,0.09492436088710322,73,0.2240951767509458,0.2407861731883507,0.0909394522747957,44,0.22572514931262222,0.23688387107760064,0.07777228881281349,143,∨ valley-ortho,37.518362646401215,7.128383664783969e-09,1.2152116043175166e-05,-0.4844333748443337,3.866301081985745e-09,-0.4903726410575726,0.9682420328471437,-0.004132231404958775,H > N,0.8041958041958042,H > O,0.8181818181818182
RF_Gyr_Z__mean,0.03543547303979983,0.03321870474848629,0.11816015494720114,73,0.06284956637544074,0.05257367099255465,0.08254790078267334,44,-0.022311732650313724,-0.022985168726562324,0.07044977044812453,143,∧ peak-ortho,37.270073465407904,8.070610292297512e-09,0.2545246926401844,0.1264009962640099,4.489052027301379e-05,-0.3397835041670658,1.5869741505338373e-08,-0.5642085187539734,H > N,0.8181818181818182,H < O,0.6590909090909091
LB_Gyr_Z__std,0.29596644620172774,0.3269694102540548,0.14285760002535328,73,0.19717975134273236,0.21184412050353113,0.06928113261776044,44,0.31456268432056345,0.3174370658258493,0.11084233456818235,143,∨ valley-ortho,37.204463863958495,8.339755546477539e-09,5.920599450171916e-07,-0.5529265255292652,0.7700540619115759,0.02442762716735325,2.1048516987668027e-09,0.5979020979020979,H > N,0.46153846153846156,H > O,0.8409090909090909
LB_Gyr_Z__rms,0.297561541282231,0.3297890003469223,0.1441885512657275,73,0.1994074184106398,0.21403123250621353,0.07010871006623602,44,0.315061283091583,0.31907224265210693,0.11096034306790294,143,∨ valley-ortho,36.5580221045866,1.152196005724636e-08,6.275641703502678e-07,-0.5516811955168119,0.8090367980720218,0.020212664048280482,3.1686149688284268e-09,0.5912269548633184,H > N,0.46153846153846156,H > O,0.8409090909090909
HE_Acc_Z__rms,2.790618244668042,2.8800375796642244,0.9740041070735836,73,2.6781425133123973,2.834799167442701,0.8945059039046067,44,1.9280956798676154,2.1663938877735034,0.9632152172615539,143,↓ H>O>N,36.54036066461299,1.1624157836066935e-08,0.7633885238120027,-0.033623910336239016,1.6192277020335686e-07,-0.43615288820768283,1.3080633998792967e-05,-0.4351557533375716,H > N,0.7762237762237763,H > O,0.5681818181818182
HE_Gyr_Y__rms,0.30625622225398114,0.32407648598396754,0.10282208296746538,73,0.2303846563239344,0.24515190844471232,0.09076034177058367,44,0.23385598677221248,0.24763765249379963,0.08229484388634468,143,∨ valley-ortho,35.69642791531351,1.7726343727727992e-08,7.601062030658757e-06,-0.49564134495641343,1.6003116703694748e-08,-0.47044736085831973,0.7537274730628976,0.03146853146853146,H > N,0.8041958041958042,H > O,0.7954545454545454
RF_Gyr_X__rms,1.0676881396754179,1.0849561257798759,0.20700394392405144,73,0.7887339892331501,0.8455401372743203,0.22193347566794103,44,0.9042054206713179,0.9083664986629172,0.24575805414632396,143,∨ valley-ortho,34.6812846032642,2.944792753555768e-08,2.1589824279293753e-07,-0.5740971357409714,7.480425802510892e-07,-0.4120126448893573,0.08457994780877175,0.1722822631913541,H > N,0.7622377622377622,H > O,0.8181818181818182
HE_Gyr_Y__spec_centroid_hz,1.9041741291618846,1.9129496613248334,0.5375589780318524,73,1.9711339127351075,1.9747219516595083,0.5237915936489763,44,2.3075320356724163,2.392684475402377,0.6809607511370233,143,↑ H<O<N,34.35288146563903,3.4702964102531523e-08,0.6384706181110578,0.05230386052303859,1.2292333290179303e-07,0.4403678513267555,9.489445858193365e-05,0.3897012078830261,H < N,0.7832167832167832,H < O,0.5681818181818182
RF_Gyr_X__std,1.0661064591924803,1.0756100030823332,0.20333591209894739,73,0.7866916983695269,0.8401534443157407,0.2214967569326964,44,0.8979195317641135,0.9030694037617731,0.24436168078709078,143,∨ valley-ortho,34.070641292019445,3.996264692442856e-08,2.5098252303265204e-07,-0.5709838107098382,1.0394895472565011e-06,-0.4066481463741738,0.0811906145206389,0.17418944691671967,H > N,0.7622377622377622,H > O,0.8181818181818182
LF_Gyr_X__rms,1.086187735588225,1.0871747005211918,0.21319408576081497,73,0.8005138820613908,0.8301794190545909,0.2175462972051767,44,0.9484780621387152,0.953630122856284,0.27102045491983584,143,∨ valley-ortho,32.046449378050625,1.0995169664278041e-07,2.66552714266056e-08,-0.6158156911581569,0.00021282401640292258,-0.3083628700067056,0.0024152031061594782,0.3029243483788938,H > N,0.6993006993006993,H > O,0.8636363636363636
LB_Gyr_X__mean,0.06347338173718135,0.05474234587013357,0.12617597684432533,73,0.06977260903603212,0.035616195950777876,0.09719436278146551,44,-0.02902537774587647,-0.022560242636639537,0.07322555978243507,143,∧ peak-ortho,31.210581980668394,1.669968327406765e-07,0.22962599794557537,-0.1332503113325032,1.4058761241829159e-06,-0.40166682632436057,6.280257016238718e-05,-0.3995549904640814,H > N,0.8601398601398601,H > O,0.4318181818181818
RF_FreeAcc_Y__mean,-0.004230975015210181,0.04022871866418189,0.5180121748104476,73,-0.002407933846222424,-0.032774303608841815,0.2343466555805121,44,0.28823485379481406,0.2909236624958215,0.3995354677028335,143,↑ H<O<N,31.151364137358428,1.7201535881573937e-07,0.8416748784586514,-0.022415940224159492,5.741018769191892e-05,0.33499377334993774,5.485483243495861e-07,0.5,H < N,0.7482517482517482,H > O,0.5
LF_Acc_X__mean,8.225092625351465,8.446070085461942,1.1418321797157922,73,7.254086138298321,7.207301415255793,0.9760600725019536,44,7.456805217738804,7.59749440850647,1.2348863377000305,143,∨ valley-ortho,31.116282065257337,1.7505930536565272e-07,1.593898794947735e-07,-0.580323785803238,7.665292357675399e-06,-0.3725452629562218,0.09109048284574876,0.16878575969485066,H > N,0.6643356643356644,H > O,0.8409090909090909
LF_Gyr_X__std,1.0725059623400621,1.072214040654295,0.21120126576180062,73,0.7945676880998485,0.820483901337777,0.21057673158770915,44,0.9432009223241659,0.9466200832326312,0.26968938732871545,143,∨ valley-ortho,30.98906247816342,1.865565849949687e-07,3.232829194692841e-08,-0.612079701120797,0.0004073595101783165,-0.29437685602069164,0.002195454418434219,0.30578512396694213,H > N,0.6923076923076923,H > O,0.8636363636363636
RF_FreeAcc_Z__mean,0.09622307490693084,0.04215139438607184,0.4406551730627811,73,-0.07276031683938776,-0.02044326110461607,0.32128230127576374,44,-0.23037234480453964,-0.2218987355058119,0.3665448872689862,143,↓ H>O>N,30.382122420776568,2.527004073941656e-07,0.02250886859275576,-0.2528019925280198,2.319582004555403e-07,-0.4305968004598142,0.0038470282604192727,-0.28862047043865235,H > N,0.8111888111888111,H > O,0.7272727272727273
HE_Gyr_X__mean,0.07434201870026716,0.05960146354360399,0.13646710575551876,73,0.06808962508194746,0.035411351296818716,0.09170194094454179,44,-0.02570804021418961,-0.02687879227484505,0.09372614323516906,143,↓ H>O>N,30.281512104890453,2.657377139384395e-07,0.34021353694229417,-0.10585305105853049,2.0521804474005012e-06,-0.3953443816457516,7.27861355953488e-05,-0.39605848696757784,H > N,0.8741258741258742,H > O,0.5454545454545454
HE_Gyr_X__dom_freq_hz,0.09745565876647427,0.12540209574856626,0.0936227889717163,73,0.07140702200482084,0.12013199035462009,0.13958602073879614,44,0.05883385538665774,0.08914320653484609,0.09444644040414137,143,↓ H>O>N,30.218184985925973,2.742865448287529e-07,0.006191931113815937,-0.3032378580323787,1.734027632090838e-08,-0.4692978254622091,0.3924470421562902,-0.08550540368722181,H > N,0.7832167832167832,H > O,0.6590909090909091
HE_FreeAcc_X__mean,-0.03462012176417423,-0.013907411629659477,0.47603387584447465,73,0.24506573642201726,0.2534018556703901,0.36411238233955695,44,-0.04435669774728288,-0.06256237781022786,0.2562626280339822,143,∧ peak-ortho,30.146110848685225,2.8435129062520777e-07,0.0004142735232442226,0.39103362391033625,0.4125740044870819,-0.06830156145224642,6.695138986415127e-09,-0.5788302606484426,H > N,0.5454545454545454,H < O,0.8409090909090909
HE_FreeAcc_Y__rms,1.4842865929677327,1.5144858964835355,0.4404332348437701,73,1.1821041431219415,1.2244386402254464,0.37050911015272153,44,1.1833898192666794,1.201763294612902,0.37147752235925197,143,∨ valley-ortho,29.854219994242044,3.290322728835286e-07,9.985846267696292e-05,-0.4308841843088418,1.4652617725605703e-07,-0.43768560206916374,0.88728926501667,-0.014303877940241572,H > N,0.8321678321678322,H > O,0.8636363636363636
LB_FreeAcc_Y__rms,1.113899208208449,1.143468403605656,0.2999849673832248,73,1.0402650027853486,1.0324046630908221,0.22102093589034377,44,0.8742963765611942,0.9283238492566417,0.27398556052877737,143,↓ H>O>N,29.78241316294259,3.41060286691865e-07,0.05830206130609358,-0.20983810709838102,1.879876282649048e-07,-0.43385381741546114,0.005191763891179905,-0.27908455181182457,H > N,0.7762237762237763,H > O,0.6590909090909091
HE_Acc_Z__std,1.6342703828320242,1.688807268838544,0.5848789140441155,73,1.4652342644647198,1.464923630743671,0.41902188439919047,44,1.2030327513383638,1.2732608060929262,0.39574389474591665,143,↓ H>O>N,29.574711864446954,3.7838413309177934e-07,0.06293378704521263,-0.2061021170610211,2.180868266558642e-07,-0.43155474662323967,0.004844679585580646,-0.28130959949141765,H > N,0.8111888111888111,H > O,0.6818181818181818
HE_FreeAcc_Z__std,1.634270382832024,1.688807268838544,0.5848789140441155,73,1.4652342644647196,1.464923630743671,0.4190218843991905,44,1.2030327513383638,1.2732608060929262,0.39574389474591654,143,↓ H>O>N,29.574711864446954,3.7838413309177934e-07,0.06293378704521263,-0.2061021170610211,2.180868266558642e-07,-0.43155474662323967,0.004844679585580646,-0.28130959949141765,H > N,0.8111888111888111,H > O,0.6818181818181818
HE_Acc_Z__mean,1.8703785749664497,1.6890583863490296,1.732799822374742,73,2.205875154552256,2.093222018658599,1.4117715490125422,44,0.7382609345098519,0.6783317300129991,1.7748953121861624,143,∧ peak-ortho,29.477360179033326,3.9725792204362366e-07,0.1814296261579923,0.14819427148194275,8.454190930698542e-05,-0.32733020404253277,2.8184166154897238e-06,-0.4675778766687857,H > N,0.7202797202797203,H < O,0.6590909090909091
stride_absAI,0.053282800600941926,0.051821669119608206,0.03542381907476422,70,0.03929203432321496,0.038508081562898165,0.027035575527446475,35,0.02847879608910946,0.029237251972574933,0.01754641510405586,111,↓ H>O>N,29.24055510414962,4.471921128168871e-07,0.02423397517616374,-0.2710204081632652,4.7488114891403794e-08,-0.48262548262548255,0.10863255557787717,-0.1804375804375804,H > N,0.9279279279279279,H > O,0.7714285714285715
LF_Acc_Z__mean,8.465799224187421,8.249217636270622,1.071242416679721,73,8.259784700817178,8.269290852579536,0.7995209518394951,44,7.769841882927568,7.686799125085835,0.8923609544456675,143,↓ H>O>N,29.137648855389898,4.7080378235899555e-07,0.5910190639821574,-0.05977584059775842,1.74912605744985e-06,-0.39802663090334334,0.00019292090125988618,-0.3722186904005085,H > N,0.8461538461538461,H < O,0.4090909090909091
LB_Acc_Z__dom_freq_hz,1.7974792928177572,1.7972089938529496,0.14445141080268847,73,1.6394310406701504,1.4723073904990214,0.4844920058647876,44,1.681591373531791,1.5560483434932506,0.44682220927154226,143,∨ valley-ortho,29.061714436502825,4.890225577089224e-07,1.024464976793584e-06,-0.5410958904109588,6.880841997309945e-06,-0.374461155283073,0.1577812505603522,0.14113159567705025,H > N,0.7062937062937062,H > O,0.8409090909090909
LB_FreeAcc_Z__dom_freq_hz,1.7974792928177572,1.7972089938529496,0.14445141080268847,73,1.6394310406701504,1.4723073904990214,0.4844920058647876,44,1.681591373531791,1.5560483434932506,0.44682220927154226,143,∨ valley-ortho,29.061714436502825,4.890225577089224e-07,1.024464976793584e-06,-0.5410958904109588,6.880841997309945e-06,-0.374461155283073,0.1577812505603522,0.14113159567705025,H > N,0.7062937062937062,H > O,0.8409090909090909
HE_Acc_Y__spec_power,2882381.288553649,3679589.957612356,2523830.637092698,73,4203529.177876795,9992702.603146061,20217055.210793167,44,5283675.147745686,9365354.155065576,14970271.680042181,143,↑ H<O<N,28.91943637192003,5.250784347657316e-07,0.0036579527431477724,0.32191780821917804,7.592423744862187e-08,0.44764824216879007,0.2279931921238001,0.12047043865225682,H < N,0.7972027972027972,H < O,0.6818181818181818
LB_Gyr_Y__spec_centroid_hz,3.045195297086976,3.2049026871651,0.8514827722905277,73,2.2073036768544134,2.423908474289253,0.8817654815943927,44,3.02386127708314,3.115513407465188,0.9786037219253715,143,∨ valley-ortho,28.472123741234668,6.566846814245504e-07,4.824175378170993e-07,-0.5572851805728518,0.4572278651720213,-0.06197911677363721,1.6519300738748e-06,0.47838525111252383,H > N,0.5034965034965035,H > O,0.8409090909090909
HE_FreeAcc_X__spec_power,4392827.463383254,4498082.226552056,2585961.0650637215,73,4203529.177876795,9992702.60314606,20217055.21079316,44,5836337.792577246,7521300.597949003,8081180.354380595,143,∨ valley-ortho,28.2166614026213,7.461563298100177e-07,0.22962599794557537,0.1332503113325031,1.8566915398827095e-07,0.4340454066481464,0.008556956141460719,0.2625556261919898,H < N,0.7902097902097902,H < O,0.4772727272727273
LF_Acc_Y__rms,3.5685670960798035,3.6152781535537852,0.9344684409265662,73,2.789970560000776,2.9067781991834174,0.9025320451965793,44,2.8349397384330133,2.9302354404849975,0.9586503330791398,143,∨ valley-ortho,27.833180646370693,9.038609333432178e-07,3.854913846251465e-05,-0.4557907845579079,8.417050335790987e-07,-0.4100967525625059,0.9150274252557775,0.010807374443738027,H > N,0.7762237762237763,H > O,0.8409090909090909
stride_abs_diff,0.06846940559440541,0.06884144646201773,0.053942738723682514,70,0.0494071146245058,0.05350349254865717,0.03682502570495494,35,0.0352558479532166,0.03819705099672417,0.023054662769503385,111,↓ H>O>N,27.68013899350308,9.757401782808256e-07,0.08363288596996693,-0.2081632653061225,1.1564325321458223e-07,-0.46846846846846857,0.04767535755227389,-0.22265122265122272,H > N,0.8828828828828829,H > O,0.7142857142857143
RF_Acc_X__mean,8.432582746060401,8.739373692221031,1.733190818914777,73,7.131029352126454,7.311488950941864,0.9605987587402347,44,7.7847073605537105,7.897073443996313,1.4773660176139836,143,∨ valley-ortho,26.811586477425294,1.5063918969317266e-06,2.0947406234782942e-07,-0.5747198007471981,0.0005651548386261757,-0.28709646517865695,0.01030081581238032,0.25619834710743805,H > N,0.6853146853146853,H > O,0.8409090909090909
HE_Acc_X__mean,9.371771217408462,9.30087601363272,0.35550150065887665,73,9.409338035044655,9.310618389892541,0.3158322707689542,44,9.562849246269232,9.445599854740916,0.46576848927612996,143,↑ H<O<N,26.251586713735605,1.9931517923927364e-06,0.9977552326137116,-0.0006226650062266526,1.6773677387543197e-05,0.3583676597375227,0.00010403077624868929,0.3874761602034329,H < N,0.7272727272727273,H < O,0.5454545454545454
LB_Gyr_Y__dom_freq_hz,1.7927444699140447,1.938555963811552,0.650730128923061,73,1.463455126832494,1.5619887743083145,0.9035308781420839,44,1.5977100727049591,1.6406270663326485,0.9723884754292855,143,∨ valley-ortho,25.812063011174587,2.483028668513412e-06,7.468207836949599e-07,-0.547945205479452,4.8106811038581566e-05,-0.33844237953827006,0.211250143493518,0.1249205340114431,H > N,0.6923076923076923,H > O,0.7954545454545454
RF_Gyr_Z__spec_centroid_hz,2.2651378476955752,2.308330363071164,0.37583649891731763,73,2.3334755649272854,2.4022790124511535,0.4775319922453241,44,2.538742026320199,2.652645628375485,0.5549443128592236,143,↑ H<O<N,24.533245301384113,4.7062335032397375e-06,0.3970875839691631,0.0940224159402242,2.24736828461608e-06,0.39381166778427057,0.0052949763315145205,0.27844882390336934,H < N,0.7762237762237763,H < O,0.6136363636363636
LB_Gyr_Z__dom_freq_hz,2.351104498303994,2.0069815614253046,0.834755164879239,73,1.0092403726846273,1.4267383257488333,0.858156462470169,44,1.1691002494486558,1.491151531532249,0.7960125499399986,143,∨ valley-ortho,23.81303322175927,6.74629825025603e-06,0.00010953912859483692,-0.4283935242839352,9.297551086880435e-06,-0.3690966567678897,0.3164881529853131,0.100127145581691,H > N,0.7832167832167832,H > O,0.7727272727272727
LB_Acc_Z__spec_power,4521060.419071813,4598925.991711699,1541497.2495854457,73,3729702.5425630203,4533297.761815766,3399264.794109797,44,4694556.76107722,6970566.44577528,5954675.278464718,143,∨ valley-ortho,21.312521321925033,2.3552922183784726e-05,0.023525634375784938,-0.25093399750933987,0.007798800337567051,0.22157294760034485,1.958499921170959e-05,0.42625556261919895,H < N,0.5594405594405595,H > O,0.6818181818181818
LB_FreeAcc_Z__spec_power,4521060.419071813,4598925.991711699,1541497.2495854455,73,3729702.5425630203,4533297.761815768,3399264.794109802,44,4694556.761077212,6970566.445775281,5954675.278464715,143,∨ valley-ortho,21.312521321925033,2.3552922183784726e-05,0.023525634375784938,-0.25093399750933987,0.007798800337567051,0.22157294760034485,1.958499921170959e-05,0.42625556261919895,H < N,0.5594405594405595,H > O,0.6818181818181818
LF_Gyr_Z__rms,1.322939267706224,1.3705060822916375,0.36987642676382493,73,1.025513242484338,1.0520213046769722,0.31835055593287154,44,1.1941681479448683,1.2222659034474659,0.36445009922455884,143,∨ valley-ortho,21.264831073266464,2.4121294059978514e-05,5.528976944051047e-06,-0.5031133250311333,0.009053609171678585,-0.21735798448127208,0.0032338695969505987,0.29402415766052126,H > N,0.6503496503496503,H > O,0.8409090909090909
LF_Gyr_Z__std,1.3209687549073552,1.3639327539561665,0.3683563688633467,73,1.0242759644170052,1.0485481001541503,0.3186121189560766,44,1.1897954573584077,1.219064311244297,0.3643098485886772,143,∨ valley-ortho,20.993452018712787,2.7626751170271915e-05,5.98936272098225e-06,-0.5012453300124533,0.010766689297085023,-0.21237666443145886,0.0031031950799783386,0.2952956134774316,H > N,0.6503496503496503,H > O,0.8409090909090909
HE_Gyr_X__spec_power,996075.4298211805,1024122.3339483618,232917.33985362094,73,921554.5512478014,1076898.8167011046,528867.8225218336,44,1155665.3655016443,1358231.3262515317,721872.1637124317,143,∨ valley-ortho,20.7316849714,3.148993818995636e-05,0.198539087242253,-0.14259028642590277,0.00025265234248661575,0.30472267458568825,0.00040468912734947175,0.3531468531468531,H < N,0.6503496503496503,H < O,0.36363636363636365
LB_Gyr_Y__mean,0.0012696592246838833,-0.0011955263090306317,0.02010463799957542,73,0.007580251737829544,0.0064676506926075765,0.011923148652195294,44,-0.002179780337484482,-0.0023833895935177598,0.012073355819009306,143,∧ peak-ortho,19.169286450380923,6.877685873573429e-05,0.00956575607886179,0.2870485678704857,0.1322594408133516,-0.1253951527924131,8.67003776447247e-06,-0.44405594405594395,H > N,0.6293706293706294,H < O,0.7045454545454546
HE_FreeAcc_X__rms,1.4428855718708196,1.436607177098344,0.4300154529147153,73,1.188838821166053,1.2646844612159664,0.3663691012191643,44,1.1302846550395218,1.1808233384295708,0.3837184667584567,143,↓ H>O>N,17.651910573226928,0.00014687109118720817,0.03760775741268847,-0.23038605230386056,3.008594716242461e-05,-0.3474470734744708,0.19541474484382892,-0.12937062937062938,H > N,0.7902097902097902,H > O,0.7272727272727273
LB_Gyr_X__spec_centroid_hz,0.8961888583196572,0.9240840616743317,0.24700267898347023,73,0.8082075418214678,0.8436025180601466,0.22619966971536445,44,0.9471112676088524,1.0566073154768456,0.3670279009046114,143,∨ valley-ortho,16.527773031808124,0.00025765565993339897,0.05121333280426192,-0.21606475716064755,0.022554763913481733,0.1899607242072996,0.00013667628907974136,0.38080101716465353,H < N,0.5944055944055944,H > O,0.6818181818181818
LF_Gyr_Z__spec_centroid_hz,2.245089007724337,2.3171584381328,0.41474367822642666,73,2.2657383966122273,2.3612240808496767,0.5141309828225926,44,2.473454548803848,2.5263562786316567,0.47169454125210714,143,↑ H<O<N,16.341128563066377,0.00028285835965400003,0.9708244901816138,0.004358655043586568,0.00028130180853975606,0.3024236037934668,0.006310661269825655,0.2727272727272727,H < N,0.7552447552447552,H < O,0.5227272727272727
HE_Acc_X__dom_freq_hz,1.7927444699140447,1.7714033945610088,0.2018892777954699,73,1.6316586918659768,1.4748882774592078,0.4789508492196796,44,1.7487148703781188,1.6748436919404344,0.4566329266569659,143,∨ valley-ortho,16.119254709414918,0.0003160445558765748,2.6643229771741597e-05,-0.4651307596513077,0.07597394465235736,-0.14781109301657236,0.005561163236471741,0.27685950413223137,H > N,0.5804195804195804,H > O,0.7727272727272727
LF_FreeAcc_Y__mean,-0.022756383131084346,-0.07108406523637854,0.45021655144212647,73,0.10888745256060053,0.13533536762457235,0.27920742198540166,44,-0.10523667288481472,-0.15463545634007722,0.47840478920634405,143,∧ peak-ortho,15.670775794097835,0.00039548887620781105,0.010718155514157219,0.28268991282689915,0.22691494827089376,-0.10068014177603213,6.45155683065106e-05,-0.39891926255562615,H > N,0.6223776223776224,H < O,0.7045454545454546
LB_Gyr_Z__spec_centroid_hz,2.3175668151106175,2.30250687604935,0.5419746247718951,73,2.035254345533972,2.0454030756514014,0.5510639477204846,44,2.467772414665434,2.425301627902068,0.5837986606143454,143,∨ valley-ortho,14.9785120902377,0.0005590587202708174,0.009883178756939134,-0.2858032378580324,0.1304941107382552,0.1259699204904684,0.00018339852776161526,0.37349014621741894,H < N,0.5804195804195804,H > O,0.6818181818181818
HE_Acc_X__rms,9.500696323461655,9.445473597929826,0.3557556254484407,73,9.48461821710401,9.389427722114958,0.3071656884524828,44,9.61383360441792,9.521540368690026,0.45969405820667664,143,∨ valley-ortho,14.670337205519559,0.0006521939292523515,0.17597687530008754,-0.1500622665006226,0.030325489237401033,0.18038126257304343,0.00020036552543433613,0.37126509853782586,H < N,0.6573426573426573,H > O,0.5227272727272727
HE_Acc_X__spec_power,5673150.202339596,6078351.699391401,2075027.1198408687,73,4358186.069472965,6232455.580562211,5661478.978454801,44,5836337.792577224,7524714.154401726,8080805.3538431525,143,∨ valley-ortho,14.036946420826098,0.0008951912186265722,0.0017402427391666818,-0.34682440846824414,0.5044743661401754,0.055656672095028226,0.00033735890960178,0.357914812460267,H < N,0.5454545454545454,H < O,0.22727272727272727
step_absAI,0.14334718401128013,0.14815976202625883,0.09029515997572321,70,0.0620382160868502,0.0879940915949178,0.07361661178492335,35,0.10352411066224616,0.1177027943665274,0.09293305636948357,111,∨ valley-ortho,13.311199580093671,0.0012867961042865403,0.0005753486411521495,-0.41387755102040824,0.012390153324458112,-0.221106821106821,0.06809196941009801,0.20514800514800513,H > N,0.6756756756756757,H > O,0.7714285714285715
LF_Acc_X__dom_freq_hz,0.9541356234139572,1.0764140006693925,0.3903133124271888,73,0.8357169116860124,0.9737643378394794,0.5672220472402699,44,0.9026233241593768,1.0300093327097866,0.5140165032690371,143,∨ valley-ortho,13.142931259358761,0.0013997444010894308,0.00038039094685075463,-0.39352428393524286,0.016576282103116277,-0.19954018584155575,0.05538898263479146,0.19135410044500956,H > N,0.6083916083916084,H > O,0.75
LF_FreeAcc_X__dom_freq_hz,0.9541356234139572,1.0764140006693925,0.3903133124271888,73,0.8357169116860124,0.9737643378394794,0.5672220472402699,44,0.9026233241593768,1.0300093327097866,0.5140165032690371,143,∨ valley-ortho,13.142931259358761,0.0013997444010894308,0.00038039094685075463,-0.39352428393524286,0.016576282103116277,-0.19954018584155575,0.05538898263479146,0.19135410044500956,H > N,0.6083916083916084,H > O,0.75
RF_FreeAcc_X__dom_freq_hz,0.9628455616445697,1.0535108145104548,0.36627466187496294,73,0.8566429870753102,0.9580581808103008,0.305612548399742,44,0.8727131748587487,0.927950980746843,0.2439225357442438,143,∨ valley-ortho,12.992374121766375,0.0015091826578687532,0.008385066326652422,-0.29202988792029894,0.0005998170339283414,-0.2857553405498612,0.7829263533449407,0.02765416401780041,H > N,0.6923076923076923,H > O,0.75
RF_Acc_X__dom_freq_hz,0.9628455616445697,1.0535108145104548,0.36627466187496294,73,0.8566429870753102,0.9580581808103008,0.305612548399742,44,0.8727131748587487,0.927950980746843,0.2439225357442438,143,∨ valley-ortho,12.992374121766375,0.0015091826578687532,0.008385066326652422,-0.29202988792029894,0.0005998170339283414,-0.2857553405498612,0.7829263533449407,0.02765416401780041,H > N,0.6923076923076923,H > O,0.75
LF_Gyr_Z__mean,0.04432167776028003,0.03378015774298241,0.0964555303252908,73,0.021405199082321864,0.011788432172020458,0.07199870950124039,44,-0.008735923144679202,-0.0036995831287248604,0.06522062373043903,143,↓ H>O>N,12.935419695186738,0.0015527777617590503,0.29659075264128043,-0.11581569115815693,0.000569989688128239,-0.2869048759459718,0.05914057698916372,-0.18849332485696113,H > N,0.7902097902097902,H > O,0.5909090909090909
step_abs_diff,0.09284585969585968,0.09150941067128854,0.0549891398369496,70,0.03840528915528908,0.057014623856755445,0.047567282359487664,35,0.061183911064425806,0.07347755241961876,0.06229779518460288,111,∨ valley-ortho,12.636934268040363,0.0018027046941217208,0.0012879266474661772,-0.38693877551020406,0.007655999010181999,-0.23577863577863578,0.12463378287255374,0.1727155727155727,H > N,0.7027027027027027,H > O,0.7428571428571429
LB_Acc_Y__rms,1.1946308194703783,1.2281556913651712,0.3081335600540398,73,1.1651837136034071,1.1383992796861206,0.22839960695167033,44,1.042920838678906,1.0871807546582617,0.3280164394275643,143,↓ H>O>N,12.430380856017678,0.001998835679868639,0.13084015507138982,-0.16749688667496887,0.0007529001502471968,-0.2805824312673628,0.09543929576242627,-0.16656071201525746,H > N,0.6853146853146853,H > O,0.6136363636363636
LB_Gyr_Z__mean,0.007156985951695155,0.007097335410400649,0.029289520971388757,73,0.010549293848832679,0.007440865188683202,0.02548592128955063,44,-0.002718663409478932,-0.0034023540968955335,0.022670368419145992,143,∧ peak-ortho,12.273045846998457,0.0021624294942620146,0.8948024414241238,0.01494396014943955,0.0044441108502557124,-0.23690008621515468,0.005561163236471741,-0.2768595041322315,H > N,0.7132867132867133,H < O,0.5227272727272727
LF_Gyr_Y__dom_freq_hz,1.7424487562069806,1.7160692688926467,0.19648719557731903,73,1.6462905989605565,1.6381397024057909,0.16280531352374375,44,1.6082539002825686,1.5812934914908137,0.28086923023269844,143,↓ H>O>N,12.218130287284794,0.0022226276794777727,0.013399137146391236,-0.273972602739726,0.000881578379734899,-0.27694223584634536,0.5005403681006941,-0.0673871582962493,H > N,0.6713286713286714,H > O,0.75
LF_FreeAcc_Z__mean,0.09255789177037851,0.050258628619787984,0.4456469763041781,73,-0.03637482632776203,-0.014733522011509383,0.26520070902753645,44,-0.10290297891162221,-0.11846444076544495,0.36720852953242267,143,↓ H>O>N,11.904312057865809,0.002600228303079603,0.11709946564380876,-0.1737235367372354,0.001145268066738792,-0.2708113804004215,0.08808285067695601,-0.17037507946598862,H > N,0.7342657342657343,H > O,0.75
HE_Acc_Z__dom_freq_hz,0.1131822612712166,0.354530158015208,0.45795861515445335,73,0.07833938808234506,0.16059045930006885,0.22736487065183641,44,0.08835383316358952,0.2672540074580835,0.4060604543742818,143,∨ valley-ortho,11.582761970536694,0.0030537620627149186,0.0006567383100110089,-0.3773349937733499,0.02650374749230499,-0.18478781492480123,0.07845113204446347,0.17577876668785763,H > N,0.6083916083916084,H > O,0.7272727272727273
HE_FreeAcc_Z__dom_freq_hz,0.1131822612712166,0.354530158015208,0.45795861515445335,73,0.07833938808234506,0.16059045930006885,0.22736487065183641,44,0.08835383316358952,0.2672540074580835,0.4060604543742818,143,∨ valley-ortho,11.582761970536694,0.0030537620627149186,0.0006567383100110089,-0.3773349937733499,0.02650374749230499,-0.18478781492480123,0.07845113204446347,0.17577876668785763,H > N,0.6083916083916084,H > O,0.7272727272727273
HE_FreeAcc_X__std,1.286248443578107,1.3088503390658432,0.38558078151780606,73,1.0702583545450934,1.1564143390888164,0.316929567181328,44,1.0817303836756014,1.1288098959632957,0.38252740457863044,143,∨ valley-ortho,11.5148382303355,0.0031592547583324045,0.030502247829350276,-0.23972602739726034,0.0009339203986985772,-0.2756011112175496,0.5230804982197168,-0.06389065479974576,H > N,0.7342657342657343,H > O,0.6136363636363636
RF_Gyr_Z__spec_power,5336498.2150624255,5581845.130054067,2942251.534217597,73,4500208.991392371,5283208.75606469,2962984.551832739,44,5929796.366694325,7281192.303874699,4702208.230145562,143,∨ valley-ortho,11.427128561033669,0.003300886267965904,0.33737227069531395,-0.10647571606475714,0.016472481679559288,0.19973177507424078,0.0033010696814200035,0.29338842975206614,H < N,0.5944055944055944,H > O,0.6363636363636364
HE_FreeAcc_Z__rms,2.1050243660264587,2.2790400079434616,1.0109228225625,73,1.738535273684828,1.9326814501893765,0.7396297510425767,44,1.71935627096327,1.8370453973052947,0.7315642506931779,143,↓ H>O>N,9.940854980926247,0.006940180539510352,0.07493144764498726,-0.19738480697384797,0.0017606911426359206,-0.2604655618354248,0.4785259348104003,-0.07088366179275263,H > N,0.6783216783216783,H > O,0.7045454545454546
HE_Gyr_Z__mean,0.005203575925927494,0.009543028729188103,0.037952776645663606,73,0.013684485357059467,0.011636533390563536,0.027262494126812652,44,-0.0006703198476013597,-0.0013680973894099457,0.02654944041528444,143,∧ peak-ortho,9.938967411958856,0.006946733666100764,0.6424962958857803,0.05168119551681194,0.03157882431584727,-0.17904013794424745,0.003731682753261366,-0.289574062301335,H > N,0.6223776223776224,H < O,0.6818181818181818
LB_Acc_Y__mean,0.16574707045962572,0.22424771596453869,0.4199568595418507,73,0.3340108452646845,0.363380028276501,0.3354051082535299,44,0.09129450812422861,0.060568385204383145,0.6335269308194212,143,∧ peak-ortho,9.751926924377017,0.007627741636810547,0.051888087534791086,0.2154420921544209,0.12474149693775369,-0.1278858128173197,0.0035464077060723452,-0.29116338207247305,H > N,0.5384615384615384,H < O,0.6818181818181818
RF_Gyr_Y__dom_freq_hz,1.728395061728395,1.7019064981492145,0.18565943875228338,73,1.644007181140764,1.632893997685573,0.21577479257825685,44,1.6020740450543922,1.5910065492949457,0.2672765183323076,143,↓ H>O>N,9.685428419188156,0.007885621748664359,0.07221439213818422,-0.19925280199252793,0.002256364190838655,-0.25433470638950095,0.4194290428048656,-0.08073744437380803,H > N,0.6923076923076923,H > O,0.6590909090909091
LF_FreeAcc_Y__spec_power,22304495.84731706,23849134.175319895,8749299.699451905,73,18816633.19694744,28535261.855262674,29652490.756034527,44,26066535.38492723,31679643.889597304,27618344.86408992,143,∨ valley-ortho,9.56619520638992,0.008370031733122243,0.11975291470976118,-0.1724782067247821,0.04855508542414446,0.16428776702749304,0.00662233724539664,0.27113795295613474,H < N,0.6223776223776224,H < O,0.36363636363636365
LF_Acc_Y__spec_power,22304495.847317062,23849134.17531989,8749299.699451903,73,18816633.196947444,28535261.85526266,29652490.75603451,44,26066535.384927243,31679643.88959731,27618344.864089902,143,∨ valley-ortho,9.56619520638992,0.008370031733122243,0.11975291470976118,-0.1724782067247821,0.04855508542414446,0.16428776702749304,0.00662233724539664,0.27113795295613474,H < N,0.6223776223776224,H < O,0.36363636363636365
stride_AI,0.014026808036481766,0.014007218223728033,0.03418369606793097,70,0.0030695023021266,0.006409669511697558,0.032851574388440226,35,-0.0002657018044278,6.215622356632557e-05,0.023783884330815054,111,↓ H>O>N,8.57877498960454,0.013713322206656858,0.2464609761924187,-0.13959183673469377,0.00318351180905815,-0.2607464607464607,0.34036005462254815,-0.10733590733590725,H > N,0.7747747747747747,H > O,0.6285714285714286
LB_Acc_X__spec_power,7194362.22353033,6987807.999512277,2791313.781478214,73,4937832.981191962,5650024.635763259,2965396.307330793,44,5700038.16597073,7364907.6212210385,5867999.786643051,143,∨ valley-ortho,8.565613175749036,0.013803865906826486,0.002269122641121126,-0.338107098381071,0.25843855791302894,-0.094166107864738,0.03245458966746828,0.21360457724094084,H < N,0.35664335664335667,H > O,0.7954545454545454
LB_FreeAcc_X__spec_power,7194362.223530353,6987807.9995122785,2791313.7814782164,73,4937832.981191951,5650024.635763259,2965396.3073307914,44,5700038.165970737,7364907.621221039,5867999.786643052,143,∨ valley-ortho,8.565613175749036,0.013803865906826486,0.002269122641121126,-0.338107098381071,0.25843855791302894,-0.094166107864738,0.03245458966746828,0.21360457724094084,H < N,0.35664335664335667,H > O,0.7954545454545454
HE_Gyr_Z__dom_freq_hz,0.8255683891152851,0.8566606688032161,0.5548358416066141,73,0.6965142018748218,0.6628984397319235,0.4682551459476359,44,0.7784009557634022,0.8397638429073724,0.5837137528858612,143,∨ valley-ortho,8.509792102813662,0.014194566174076424,0.007093425221365958,-0.29825653798256546,0.2712587148997292,-0.09167544783983139,0.015290616074390603,0.24221233312142398,H > N,0.6293706293706294,H > O,0.7954545454545454
LF_FreeAcc_Y__dom_freq_hz,1.028925251817449,1.3522827536531878,1.066273643013303,73,1.0190157840090979,1.1761725741002067,0.5570187637709746,44,0.9482255935396161,1.0221978743036013,0.27846501429138354,143,↓ H>O>N,8.152535758029785,0.016970684256432,0.29659075264128043,-0.11581569115815693,0.0037040127077670433,-0.24168981703228276,0.3369067766116143,-0.09599491417673245,H > N,0.6293706293706294,H > O,0.5454545454545454
LF_Acc_Y__dom_freq_hz,1.028925251817449,1.3522827536531878,1.066273643013303,73,1.0190157840090979,1.1761725741002067,0.5570187637709746,44,0.9482255935396161,1.0221978743036013,0.27846501429138354,143,↓ H>O>N,8.152535758029785,0.016970684256432,0.29659075264128043,-0.11581569115815693,0.0037040127077670433,-0.24168981703228276,0.3369067766116143,-0.09599491417673245,H > N,0.6293706293706294,H > O,0.5454545454545454
HE_Acc_Y__mean,-0.43938909433463647,-0.40855883137108084,0.597141637310384,73,-0.5219530151097282,-0.5512796601291817,0.47452140293301154,44,-0.2624750465017312,-0.22239557683529904,0.7213530756310989,143,∨ valley-ortho,8.110714983573871,0.017329283999286443,0.198539087242253,-0.14259028642590277,0.11174220577777916,0.13248395440176264,0.006947785841923373,0.2695486331849968,H < N,0.6083916083916084,H > O,0.5454545454545454
stride_CV_r,0.44103905565286106,0.45026220009804363,0.1092752276527061,70,0.5002674503944744,0.5046752053409812,0.08800152638962969,35,0.46963692868393736,0.4718320840444744,0.0888806900354915,111,∧ peak-ortho,8.042375258734637,0.01793165612710057,0.008436953467845936,0.31673469387755104,0.10437320170203812,0.14362934362934365,0.057128779199716505,-0.21389961389961387,H < N,0.6306306306306306,H < O,0.7714285714285715
RF_FreeAcc_Z__spec_power,48083848.20300116,51041745.53263056,18781257.950550735,73,41229782.8767229,47731476.60351258,24043597.280048676,44,50914675.43431169,60095486.63771537,35898194.642595,143,∨ valley-ortho,8.00229388721084,0.018294643926152144,0.055374382821174135,-0.21232876712328763,0.22252094817182477,0.10163808793945783,0.007569977810421524,0.26668785759694846,H < N,0.5874125874125874,H > O,0.6818181818181818
RF_Acc_Z__spec_power,48083848.20300114,51041745.532630555,18781257.95055073,73,41229782.87672296,47731476.60351259,24043597.280048676,44,50914675.43431176,60095486.6377154,35898194.642595015,143,∨ valley-ortho,8.00229388721084,0.018294643926152144,0.055374382821174135,-0.21232876712328763,0.22252094817182477,0.10163808793945783,0.007569977810421524,0.26668785759694846,H < N,0.5874125874125874,H > O,0.6818181818181818
HE_Gyr_Y__dom_freq_hz,1.2380339844204413,1.174692061926447,0.7317539705890161,73,0.7812046898244116,0.8815845600257917,0.558770783457845,44,1.1211779128163442,1.311905744660445,0.9445886029274202,143,∨ valley-ortho,7.570165529031442,0.022706983366476353,0.02605430984124286,-0.24657534246575352,0.6871090803376818,0.03362391033623913,0.007287529483342862,0.2679593134138589,H < N,0.46153846153846156,H > O,0.7272727272727273
LB_FreeAcc_Y__spec_power,2951549.3755310373,3167670.5190122197,1567389.7849805017,73,3516015.296268888,5951200.104250512,8999698.756786278,44,3539708.3130312576,6355995.31990652,9456169.588319859,143,↑ H<O<N,7.139615634900906,0.028161265264034372,0.00972331295927633,0.28642590286425906,0.02844234595728569,0.18248874413257976,0.6226546915312521,-0.049268912905276574,H < N,0.5734265734265734,H < O,0.6363636363636364
LB_Acc_Y__spec_power,2951549.3755310373,3167670.519012219,1567389.784980501,73,3516015.296268885,5951200.104250512,8999698.756786278,44,3539708.313031257,6355995.319906518,9456169.588319857,143,↑ H<O<N,7.139615634900906,0.028161265264034372,0.00972331295927633,0.28642590286425906,0.02844234595728569,0.18248874413257976,0.6226546915312521,-0.049268912905276574,H < N,0.5734265734265734,H < O,0.6363636363636364
stride_CV_l,0.4856951942215282,0.4835740268856802,0.0842815218243222,70,0.5247337604119287,0.5166589699611872,0.0848044052844067,35,0.4783713333660196,0.47206689352249653,0.0911047905394219,111,∧ peak-ortho,7.02617327663404,0.029804775747821772,0.04245023137183297,0.24408163265306126,0.5131282824858832,-0.05791505791505802,0.0088598605501391,-0.29420849420849415,H > N,0.5495495495495496,H < O,0.6857142857142857
HE_Gyr_Y__spec_power,215412.07076753592,246790.42735854795,139099.85859819964,73,191367.30890347483,406059.6019974666,695486.3068119022,44,232908.97113506263,460259.17596048955,677373.3383473105,143,∨ valley-ortho,6.878652546658714,0.0320862954403891,0.301829199027289,-0.11457036114570363,0.057890687951738164,0.15796532234888394,0.028544015914503024,0.21869040050858235,H < N,0.5524475524475524,H < O,0.45454545454545453
LF_Gyr_Y__mean,-0.005968702164266838,-0.00979580162476551,0.03330806101670641,73,-0.004457842520793872,-0.00999112758497683,0.02194618366989171,44,-0.0028556340527733062,0.004005730762992976,0.03928875785137075,143,↑ H<O<N,6.308398820514981,0.042672550527184265,0.8416748784586514,0.02241594022415938,0.031036342161429982,0.17961490564230287,0.06633016422774758,0.18340750158931973,H < N,0.5524475524475524,H > O,0.4772727272727273
HE_Gyr_Y__mean,0.009547450474935406,0.007630116294930905,0.06885389597721504,73,-0.004123198419126376,-0.001459237406886755,0.028538179612264323,44,0.00899905595715839,0.011782679437021682,0.04662941963959845,143,∨ valley-ortho,5.569679047379736,0.06173899588228049,0.12799637631067387,-0.16874221668742218,0.6585552863769379,0.03688092729188619,0.013631604738393584,0.24634456452638276,H < N,0.48951048951048953,H > O,0.7045454545454546
LB_FreeAcc_Z__mean,0.05200135016309511,0.07845985113305486,0.39988785358150325,73,0.1212090411072306,0.18161749185866555,0.4032255238202334,44,-0.012317771862162218,0.030874284582005255,0.41126106098941323,143,∧ peak-ortho,5.434773750649015,0.06604711847898491,0.12659262680196556,0.16936488169364883,0.3234516240595299,-0.08228757543826037,0.02588397937357328,-0.2225047679593135,H > N,0.5664335664335665,H < O,0.6363636363636364
HE_FreeAcc_Z__mean,-0.20232652589077868,-0.29135253455782434,1.4151421936218316,73,-0.6275756063775274,-0.8627278644490226,1.001827684030697,44,-0.5571609355287833,-0.5189493186216939,1.125935589893197,143,∨ valley-ortho,5.406388920721611,0.06699116993035228,0.025308902653368822,-0.24782067247820683,0.2682622305794141,-0.09225021553788681,0.08631704776173167,0.17132867132867136,H > N,0.6573426573426573,H > O,0.7727272727272727
step_CV_r,0.19217925844171374,0.21615732394381265,0.1820493920958831,70,0.07339305265306344,0.15311148164615648,0.17241461331880178,35,0.0986327546602038,0.16464015816462357,0.15035745669132483,111,∨ valley-ortho,5.3904100611473496,0.06752853494050262,0.029359463155147328,-0.26204081632653065,0.18941272960898814,-0.11608751608751611,0.12129451390946963,0.1742599742599743,H > N,0.7027027027027027,H > O,0.7428571428571429
mean_step_time,0.6030210955710955,0.6047171091345733,0.034735941437528464,70,0.6258117623117623,0.6282076581113593,0.051831600936669706,35,0.6086475490196078,0.6082584920560465,0.05660846566444201,111,∧ peak-ortho,5.317934425538169,0.07002050069286116,0.020636054477908016,0.2783673469387755,0.6738045081783701,0.03732303732303732,0.05250188051977127,-0.218018018018018,H < N,0.5315315315315315,H < O,0.6857142857142857
LF_Acc_X__spec_power,90407225.19964144,93032588.35514148,24376701.007401522,73,75457411.82765852,89854510.30761044,45809798.30447335,44,91407081.04359224,107943980.33513157,102055191.71293548,143,∨ valley-ortho,5.207831836659011,0.07398329767638616,0.034612306227015256,-0.23412204234122047,0.9761301371393094,-0.0025864546412490697,0.0354019369947667,0.2101080737444374,H < N,0.5244755244755245,H > O,0.6363636363636364
LF_FreeAcc_X__spec_power,90407225.19964139,93032588.35514148,24376701.007401526,73,75457411.82765844,89854510.30761041,45809798.30447333,44,91407081.0435923,107943980.33513156,102055191.71293549,143,∨ valley-ortho,5.207831836659011,0.07398329767638616,0.034612306227015256,-0.23412204234122047,0.9761301371393094,-0.0025864546412490697,0.0354019369947667,0.2101080737444374,H < N,0.5244755244755245,H > O,0.6363636363636364
step_CV_l,0.23004817847106118,0.28414336232793025,0.23427619446922684,70,0.08624819043585807,0.17618027404741166,0.15087335777483907,35,0.11820191321832721,0.18654461516301216,0.1510916207646728,111,∨ valley-ortho,5.078826588273614,0.07891268474634079,0.048302379121798675,-0.23755102040816323,0.1113916872054646,-0.14079794079794072,0.20911873038891193,0.1413127413127413,H > N,0.7027027027027027,H > O,0.6857142857142857
HE_FreeAcc_Y__mean,-0.000632483152095828,0.0009697134718897407,0.31276560370503753,73,-0.09677236784523945,-0.16166693654141717,0.3415651548565299,44,-0.01061494234607011,-0.01466900474854664,0.4600623075170739,143,∨ valley-ortho,5.057208511000113,0.0797702815534217,0.019390495560112287,-0.25902864259028635,0.5148173602812813,-0.05431554746623246,0.07791236612565161,0.17609663064208514,H > N,0.5104895104895105,H > O,0.6818181818181818
HE_Acc_Y__dom_freq_hz,0.8405252083349728,0.7623857673063213,0.392163074620087,73,0.7733123034452221,0.7904259155250165,0.262631734353155,44,0.8268408856649433,0.8837941965873851,0.3570700947650564,143,∨ valley-ortho,5.032728425481196,0.08075267320345274,0.5717378825621986,-0.06288916562889169,0.1950426228272072,0.10796053261806682,0.026745803423533884,0.22123331214240305,H < N,0.46853146853146854,H < O,0.3181818181818182
LF_Acc_Z__spec_power,52436713.534017965,53883880.86882467,20326691.42751375,73,46706917.81036933,49734850.08686552,22321670.8537336,44,42816777.630382106,58622427.982985854,75772179.06513424,143,↓ H>O>N,4.906964205083909,0.08599362593227929,0.10213569639121532,-0.18119551681195523,0.03540728987580696,-0.17520835329054507,0.8596884908973568,-0.017800381436745116,H < N,0.32167832167832167,H > O,0.7272727272727273
LF_FreeAcc_Z__spec_power,52436713.53401799,53883880.86882467,20326691.427513767,73,46706917.81036935,49734850.086865515,22321670.853733595,44,42816777.63038208,58622427.98298586,75772179.0651343,143,↓ H>O>N,4.906964205083909,0.08599362593227929,0.10213569639121532,-0.18119551681195523,0.03540728987580696,-0.17520835329054507,0.8596884908973568,-0.017800381436745116,H < N,0.32167832167832167,H > O,0.7272727272727273
LB_Acc_X__dom_freq_hz,1.7974792928177572,1.8131049019429204,0.19939440157755006,73,1.723668867465972,1.8215390244590552,0.43280349664327805,44,1.7502613110753518,1.7375885869934973,0.5091126932306669,143,∨ valley-ortho,4.661049887820354,0.09724468568297175,0.044860951238559585,-0.22229140722291407,0.06163596632624519,-0.15566625155666247,0.9504763241636887,0.006357279084551859,H > N,0.5594405594405595,H < O,0.3409090909090909
LB_FreeAcc_X__dom_freq_hz,1.7974792928177572,1.8131049019429204,0.19939440157755006,73,1.723668867465972,1.8215390244590552,0.43280349664327805,44,1.7502613110753518,1.7375885869934973,0.5091126932306669,143,∨ valley-ortho,4.661049887820354,0.09724468568297175,0.044860951238559585,-0.22229140722291407,0.06163596632624519,-0.15566625155666247,0.9504763241636887,0.006357279084551859,H > N,0.5594405594405595,H < O,0.3409090909090909
LF_Gyr_X__spec_centroid_hz,3.076658781718047,3.0955623670948706,0.5600294500593977,73,2.904994120852555,2.9974410006219467,0.5476151152001395,44,3.1713305604636255,3.212714065704947,0.6378400583276291,143,∨ valley-ortho,4.592024742453532,0.10065943695051915,0.28629730728375924,-0.11830635118306354,0.2603830704321678,0.09378292939936772,0.040717056965128715,0.20438652256834078,H < N,0.5804195804195804,H > O,0.6136363636363636
HE_Acc_Y__std,1.1369206821496696,1.1611157685981697,0.3336849016541717,73,1.0702583545450932,1.1564143390888162,0.316929567181328,44,1.0364104277516364,1.0655723283177223,0.3031113863978806,143,↓ H>O>N,4.225332467031535,0.12091514824946173,0.8814665765782278,-0.01681195516811962,0.06693953949499333,-0.15260082383370044,0.16061146052923314,-0.1401780038143674,H > N,0.6013986013986014,H > O,0.5681818181818182
RF_Acc_Y__spec_power,25851636.388840247,26784785.491821874,10743404.586668639,73,24236097.514874745,29335569.789174125,20083335.26050017,44,20060715.037726317,27597848.504158586,22924611.39220523,143,↓ H>O>N,4.169298397180796,0.12435073492836991,0.6750721941309976,-0.04669987546699872,0.030679147734604884,-0.17999808410767315,0.5210100750598419,-0.06420851875397338,H < N,0.3356643356643357,H < O,0.4090909090909091
RF_FreeAcc_Y__spec_power,25851636.388840217,26784785.49182187,10743404.58666864,73,24236097.514874756,29335569.789174143,20083335.260500178,44,20060715.037726324,27597848.504158594,22924611.392205242,143,↓ H>O>N,4.169298397180796,0.12435073492836991,0.6750721941309976,-0.04669987546699872,0.030679147734604884,-0.17999808410767315,0.5210100750598419,-0.06420851875397338,H < N,0.3356643356643357,H < O,0.4090909090909091
LF_Gyr_Y__spec_centroid_hz,2.0199802111899547,2.0437501243337493,0.16766073127398678,73,2.0406906661816127,2.0339937147011127,0.1955270150817106,44,2.113217243458132,2.101254822150998,0.27843858928327614,143,↑ H<O<N,4.143942870835076,0.1259372596388886,0.8416748784586514,-0.022415940224159492,0.08472514096684744,0.1435961298974998,0.12990032438073762,0.15130324221233316,H < N,0.6433566433566433,H > O,0.4318181818181818
LF_Gyr_X__dom_freq_hz,1.345390921841119,1.3466876830465537,0.5195666972684547,73,1.052421946967368,1.3140275723255237,0.9050976894011342,44,1.3993881433469157,1.4082101308761765,0.6443010416480823,143,∨ valley-ortho,3.9689661694241067,0.13745164661396894,0.10213569639121532,-0.18119551681195523,0.695595222092731,0.03266596417281353,0.05579578063282068,0.19103623649078194,H < N,0.5174825174825175,H > O,0.6590909090909091
RF_Gyr_Z__dom_freq_hz,1.5933868197532743,1.526881517698743,0.32641795015224495,73,1.5260111473022098,1.4916734395558542,0.3204319477087082,44,1.4680312161790343,1.455364351538106,0.5677091988319872,143,↓ H>O>N,3.9377200364644978,0.13961592513913404,0.42591993386220406,-0.08841843088418422,0.05728525096185301,-0.15834850081425422,0.341736476605646,-0.0950413223140496,H > N,0.6293706293706294,H > O,0.5454545454545454
HE_Acc_Z__spec_power,6042302.969131507,7874543.366836509,5526657.598125996,73,7456475.36558594,14537039.885438718,25935682.397301283,44,7062886.629112592,16337070.776449177,48091033.776894234,143,∧ peak-ortho,3.6960719548852694,0.1575462871158716,0.16716197251426912,0.15317559153175586,0.06524323665132378,0.15355876999712614,0.9758612519072323,-0.0031786395422759295,H < N,0.6223776223776224,H < O,0.6363636363636364
HE_FreeAcc_Z__spec_power,6042302.969131504,7874543.366836509,5526657.598125998,73,7456475.36558594,14537039.885438718,25935682.397301275,44,7062886.629112596,16337070.776449177,48091033.776894234,143,∧ peak-ortho,3.6960719548852694,0.1575462871158716,0.16716197251426912,0.15317559153175586,0.06524323665132378,0.15355876999712614,0.9758612519072323,-0.0031786395422759295,H < N,0.6223776223776224,H < O,0.6363636363636364
RF_Gyr_Y__spec_centroid_hz,2.029901949884013,2.0564716526232445,0.16099292749191155,73,1.99156699869925,2.0163341975778426,0.18566751269998263,44,2.0735003469298317,2.087174487636808,0.2675930076923392,143,∨ valley-ortho,3.3668305169633186,0.1857385464327945,0.21890056517078527,-0.13636363636363646,0.3560360247749642,0.07692307692307687,0.09480804441737226,0.16687857596948508,H < N,0.5594405594405595,H > O,0.6136363636363636
HE_Acc_Y__spec_centroid_hz,1.371051259724204,1.4165238842120065,0.36421996468930995,73,1.501534474199135,1.5451141653099705,0.46532383500882823,44,1.3464938436028628,1.4244017277757406,0.43068081834936184,143,∧ peak-ortho,2.68369536244802,0.26136230794060406,0.198539087242253,0.14259028642590288,0.6972970766375785,-0.03247437494012839,0.11306489750774823,-0.15829624920534013,H < N,0.4755244755244755,H < O,0.6136363636363636
RF_Gyr_X__spec_centroid_hz,2.8856186313840215,3.0147017805903245,0.5654907956154581,73,3.008474381345523,3.0922626725929274,0.5454184063891189,44,3.1764772240349743,3.146904641941912,0.5877155847197623,143,↑ H<O<N,2.5228872522776555,0.2832448315660481,0.46620279877332316,0.0809464508094645,0.1382776763194254,0.12347926046556179,0.4139470756304401,0.08169103623649077,H < N,0.6433566433566433,H < O,0.6363636363636364
HE_Gyr_X__spec_centroid_hz,0.533273724416763,0.5574875642771439,0.12760840256928146,73,0.5515190083867141,0.5754412821847776,0.15290302862042537,44,0.5634735766903594,0.6260776202469036,0.24654943327259152,143,↑ H<O<N,2.3547926148194165,0.30807984043486536,0.7335389854254422,0.037982565379825695,0.15094452220305207,0.11964747581185942,0.36823793751910916,0.0899554990464081,H < N,0.5734265734265734,H < O,0.5454545454545454
step_AI,0.015684214175747828,0.028815914929362935,0.11496329575672437,70,0.0124690699332309,0.007860602123593324,0.06444752933499971,35,0.0036397063284746498,0.0032081354768580942,0.12688540246765978,111,↓ H>O>N,2.203443502752293,0.3322984555547494,0.603052943282084,-0.06285714285714294,0.1480881402301028,-0.12792792792792795,0.49750591003427314,-0.07644787644787643,H > N,0.6036036036036037,H > O,0.5142857142857142
HE_Acc_Y__rms,1.3173359159986804,1.3511439794879467,0.43472459866051844,73,1.3545360494323404,1.3638066594318907,0.35642549750931357,44,1.2471586935198682,1.29298470045154,0.41967098859262253,143,∧ peak-ortho,2.1815677309863304,0.33595304846539,0.6957507168119037,0.043586550435865457,0.32912310305830006,-0.08132962927483467,0.17635704674377906,-0.135092180546726,H > N,0.5664335664335665,H < O,0.5454545454545454
RF_Gyr_X__mean,0.016809848255348165,0.00715807355065249,0.11502097998031909,73,0.0034690431204547033,-0.012858600568070994,0.08468011988667469,44,0.012272785584758736,0.012065277496421702,0.07587791575974723,143,∨ valley-ortho,1.9311572286100045,0.38076282117324645,0.301829199027289,-0.11457036114570363,0.906557351984378,0.00986684548328387,0.1577812505603522,0.14113159567705025,H < N,0.46153846153846156,H > O,0.5454545454545454
HE_FreeAcc_Y__spec_power,5204088.744821027,5259859.4304517,2569298.3317124713,73,4358186.069472976,6232455.580562218,5661478.9784548115,44,5283675.1477456875,9368767.7115183,14969396.593022326,143,∨ valley-ortho,1.8884792659710001,0.38897522241426125,0.5230556259126216,-0.07098381070983817,0.23771208008950784,0.09838107098381066,0.341736476605646,0.0950413223140496,H < N,0.5034965034965035,H < O,0.2727272727272727
RF_Acc_X__spec_power,91934227.23962492,94367788.99224526,27335380.88585866,73,80987943.37716055,89659284.97286254,35961307.798646174,44,89394514.15727523,97543483.768618,49154954.82103177,143,∨ valley-ortho,1.867982720379132,0.3929820430311185,0.17597687530008754,-0.1500622665006226,0.6452854382235649,-0.038413641153367095,0.2753246520798449,0.10902733630006356,H < N,0.4825174825174825,H > O,0.6363636363636364
RF_FreeAcc_X__spec_power,91934227.23962499,94367788.99224526,27335380.885858655,73,80987943.37716055,89659284.97286259,35961307.79864621,44,89394514.15727527,97543483.76861802,49154954.82103174,143,∨ valley-ortho,1.867982720379132,0.3929820430311185,0.17597687530008754,-0.1500622665006226,0.6452854382235649,-0.038413641153367095,0.2753246520798449,0.10902733630006356,H < N,0.4825174825174825,H > O,0.6363636363636364
LB_FreeAcc_X__mean,0.005415809666919352,0.009379487037935858,0.14126335043203708,73,-0.009921954915066313,-0.023017351325029713,0.09404112951199642,44,-0.009942261401737432,-0.006440916177747861,0.1161134581035343,143,↓ H>O>N,1.3733832752764101,0.5032382124247454,0.2274515409803891,-0.13387297633872985,0.43524666761504727,-0.06504454449659924,0.5914871063006194,0.05371900826446285,H > N,0.5734265734265734,H > O,0.6136363636363636
LF_Gyr_Z__dom_freq_hz,1.6700019936506774,1.5897958554602403,0.36547077064187156,73,1.5579726727975785,1.5626245120076867,0.26726208026276804,44,1.5795109632968205,1.5294856203599607,0.4130766298474016,143,∨ valley-ortho,1.199307077138542,0.5490018111009185,0.31791200610247916,-0.11083437110834371,0.3488849342581666,-0.07807261231918772,0.8697071448411096,0.016528925619834656,H > N,0.6083916083916084,H > O,0.6136363636363636
RF_FreeAcc_Y__dom_freq_hz,0.9536052219138721,1.1259054722781558,0.5010937648175027,73,1.0210266978316693,1.318249409345046,0.9722818096425625,44,0.9667689737937499,1.0646599347383559,0.4016938925372011,143,∧ peak-ortho,1.1619979665454139,0.5593393167499872,0.6587032855025929,0.04919053549190533,0.5449645131818897,-0.050483762812529864,0.3028381083506275,-0.10298792116973932,H > N,0.46853146853146854,H < O,0.5454545454545454
RF_Acc_Y__dom_freq_hz,0.9536052219138721,1.1259054722781558,0.5010937648175027,73,1.0210266978316693,1.318249409345046,0.9722818096425625,44,0.9667689737937499,1.0646599347383559,0.4016938925372011,143,∧ peak-ortho,1.1619979665454139,0.5593393167499872,0.6587032855025929,0.04919053549190533,0.5449645131818897,-0.050483762812529864,0.3028381083506275,-0.10298792116973932,H > N,0.46853146853146854,H < O,0.5454545454545454
RF_Gyr_Y__mean,-0.013208099955854265,-0.009312453308273468,0.05768933020849353,73,-0.007019402167680775,-0.010197187161193387,0.02598681546976566,44,-0.013639287241515136,-0.014403381832801834,0.03961776654060088,143,∧ peak-ortho,1.0527572079096217,0.5907404056837136,0.725081785370232,0.039227895392279,0.6288560303045826,-0.040329533480218505,0.2881372595129752,-0.10616656071201525,H > N,0.5104895104895105,H > O,0.4318181818181818
RF_Gyr_X__dom_freq_hz,1.3270943830137794,1.432967052222479,0.8229855500631226,73,1.1968508475968496,1.2699808125804888,0.6400175347602375,44,1.2644778636906,1.3888273008116274,0.6844189004279094,143,∨ valley-ortho,0.8569721329141657,0.6514946681198588,0.38774472402079385,-0.09589041095890405,0.6752946205629107,-0.034965034965035,0.4726151301341396,0.07183725365543547,H > N,0.5384615384615384,H > O,0.5454545454545454
HE_Acc_Z__spec_centroid_hz,0.8523411128240053,0.9194318693098638,0.4186491433504467,73,0.8489753379077938,0.8520137128843266,0.37733513004752645,44,0.8203694092083855,0.8656983268280721,0.37845470798210445,143,↓ H>O>N,0.837423729571583,0.6578937303115553,0.46620279877332316,-0.08094645080946461,0.3982839237931023,-0.07040904301178275,0.9657029028601655,0.004450095359186279,H > N,0.5594405594405595,H > O,0.5
HE_FreeAcc_Z__spec_centroid_hz,0.8523411128240014,0.9194318693098638,0.41864914335044645,73,0.8489753379077933,0.8520137128843263,0.3773351300475266,44,0.8203694092083855,0.8656983268280719,0.3784547079821045,143,↓ H>O>N,0.837423729571583,0.6578937303115553,0.46620279877332316,-0.08094645080946461,0.3982839237931023,-0.07040904301178275,0.9657029028601655,0.004450095359186279,H > N,0.5594405594405595,H > O,0.5
LB_FreeAcc_Y__mean,0.004629415625654257,0.00985728077481635,0.11461823549231438,73,0.007800492836923141,-0.018790038074018838,0.13465458332746155,44,0.005796094839958778,-0.006228524625650575,0.2993778152157545,143,∧ peak-ortho,0.6332734087612835,0.7285954025682002,0.5121312362603777,-0.07285180572851813,0.4741148501076642,-0.05968004598141574,0.9074507528591893,0.011760966306420872,H > N,0.4965034965034965,H > O,0.4772727272727273
LB_Acc_Z__rms,2.3680310679065033,2.5773404470984502,1.1057533437528098,73,2.254691899130388,2.3918748195328674,1.0197794427706708,44,2.3332294807882925,2.4890971679107663,1.1193044154237315,143,∨ valley-ortho,0.5320828917336939,0.7664073624252646,0.47659432425984616,-0.07907845579078465,0.6109938538952171,-0.04243701503975483,0.7320546049281962,0.03432930705657977,H > N,0.5174825174825175,H > O,0.5454545454545454
LB_Gyr_X__dom_freq_hz,0.08283432780584202,0.23083825314764764,0.2743093479892537,73,0.10128115432505191,0.22532307546821057,0.23402568099388651,44,0.0886453273738817,0.29567380899341916,0.310784800919804,143,∧ peak-ortho,0.4507455209663931,0.7982186189380046,0.6027294499656257,-0.057907845579078465,0.6223347868077191,-0.041095890410958846,0.6614258122067583,0.04386522568340745,H < N,0.5244755244755245,H > O,0.4090909090909091
HE_Gyr_Z__spec_power,157888.67534394492,184106.65454156726,102078.42278580058,73,157715.33714086883,309001.82168523216,472015.4327042344,44,165193.69462655226,242121.21437579216,267530.16576719674,143,∨ valley-ortho,0.33167875872527475,0.8471822982224642,0.5490030419968139,0.0666251556662516,0.7075399447580368,0.03132483954401766,0.7902759141289122,-0.026700572155117674,H < N,0.5314685314685315,H < O,0.5
LB_Acc_Z__mean,1.7396802671965634,1.8965508650081626,1.4936869218732711,73,2.0565698581908314,2.0048660004038434,1.2681525220019272,44,1.9690568694713027,1.8090429527657563,1.6383943400650463,143,∧ peak-ortho,0.28797879203739285,0.8658969299653788,0.5565315517752526,0.0653798256537983,0.9779657941455725,0.0023948654085640397,0.6637363420103974,-0.043547361729179945,H > N,0.4195804195804196,H < O,0.6363636363636364
