feature,kw_p,direction,kw_p_resid
duration_s,1.7043844361665633e-33,↑ H<O<N,1.7043844361665633e-33
RF_FreeAcc_Z__spec_centroid_hz,3.21613820191008e-30,∧ peak-ortho,1.3720760514933026e-20
RF_Acc_Z__spec_centroid_hz,3.21613820191008e-30,∧ peak-ortho,1.3720760514933026e-20
HE_FreeAcc_Y__spec_centroid_hz,2.642588308340788e-29,∧ peak-ortho,1.4715072048128382e-19
LF_Acc_Z__spec_centroid_hz,8.894338558588246e-29,∧ peak-ortho,5.385762384498358e-19
LF_FreeAcc_Z__spec_centroid_hz,8.894338558588246e-29,∧ peak-ortho,5.385762384498358e-19
LF_FreeAcc_X__spec_centroid_hz,8.452956255815883e-27,∧ peak-ortho,6.779784781122829e-21
LF_Acc_X__spec_centroid_hz,8.452956255815883e-27,∧ peak-ortho,6.779784781122829e-21
RF_FreeAcc_X__spec_centroid_hz,2.0266236459594798e-26,∧ peak-ortho,8.981013540642542e-20
RF_Acc_X__spec_centroid_hz,2.0266236459594798e-26,∧ peak-ortho,8.981013540642542e-20
LB_FreeAcc_Y__spec_centroid_hz,9.907558477412905e-25,↓ H>O>N,7.150362365710237e-09
LB_Acc_Y__spec_centroid_hz,9.907558477412905e-25,↓ H>O>N,7.150362365710237e-09
HE_FreeAcc_X__spec_centroid_hz,1.2219159286796665e-23,∨ valley-ortho,4.16805238367097e-12
HE_FreeAcc_Y__dom_freq_hz,2.828625157766704e-23,↓ H>O>N,3.022998984753408e-11
LF_FreeAcc_Y__spec_centroid_hz,8.48290708939213e-23,∧ peak-ortho,1.1450311494376116e-16
LF_Acc_Y__spec_centroid_hz,8.48290708939213e-23,∧ peak-ortho,1.1450311494376116e-16
LB_Gyr_Y__spec_power,1.4689371137821395e-22,↑ H<O<N,0.00833207891042741
RF_FreeAcc_Y__spec_centroid_hz,1.7624002693170428e-22,∧ peak-ortho,7.368369221059665e-16
RF_Acc_Y__spec_centroid_hz,1.7624002693170428e-22,∧ peak-ortho,7.368369221059665e-16
HE_FreeAcc_X__dom_freq_hz,3.623305054918389e-21,∨ valley-ortho,9.66799771221742e-18
LB_FreeAcc_X__spec_centroid_hz,3.504241343238415e-20,∧ peak-ortho,2.123014799638789e-14
LB_Acc_X__spec_centroid_hz,3.504241343238415e-20,∧ peak-ortho,2.123014799638789e-14
RF_Acc_X__std,2.9503781832168317e-19,↓ H>O>N,1.1312361119035204e-09
RF_FreeAcc_X__std,2.9503781832168317e-19,↓ H>O>N,1.1312361119035204e-09
LF_Acc_X__std,7.210306795469052e-19,↓ H>O>N,3.1848738426760523e-09
LF_FreeAcc_X__std,7.210306795469052e-19,↓ H>O>N,3.1848738426760523e-09
LF_FreeAcc_X__rms,1.937907738664695e-18,↓ H>O>N,1.1238654864163058e-10
RF_FreeAcc_X__rms,2.3863177220814017e-18,↓ H>O>N,7.145364509262535e-11
RF_Acc_Y__std,4.7248062226874146e-18,↓ H>O>N,1.2245219676558666e-06
RF_FreeAcc_Y__std,4.7248062226874146e-18,↓ H>O>N,1.2245219676558666e-06
LF_Acc_Y__mean,4.7753460002086886e-18,∧ peak-ortho,6.3435755390735065e-12
LB_Gyr_Z__spec_power,7.327828513475363e-18,∨ valley-ortho,6.793409404206002e-05
RF_FreeAcc_Y__rms,1.0237394121084134e-17,↓ H>O>N,5.952177493282027e-07
LB_FreeAcc_Z__spec_centroid_hz,1.9875986315889845e-17,↓ H>O>N,0.0002451339044042107
LB_Acc_Z__spec_centroid_hz,1.9875986315889845e-17,↓ H>O>N,0.0002451339044042107
LF_FreeAcc_Z__std,2.8474300772998675e-17,↓ H>O>N,9.848691982764252e-08
LF_Acc_Z__std,2.8474300772998675e-17,↓ H>O>N,9.848691982764252e-08
LF_FreeAcc_Z__rms,3.1207403956078804e-17,↓ H>O>N,7.909676542609892e-08
RF_FreeAcc_Z__dom_freq_hz,1.4680657100748206e-16,∧ peak-ortho,6.895089254049058e-05
RF_Acc_Z__dom_freq_hz,1.4680657100748206e-16,∧ peak-ortho,6.895089254049058e-05
LF_Gyr_X__spec_power,1.0360667196095561e-15,∨ valley-ortho,0.029650861854329004
RF_FreeAcc_X__mean,5.590844878194879e-15,∨ valley-ortho,5.766030331735289e-14
LB_FreeAcc_X__rms,7.694013512617644e-15,↓ H>O>N,3.09153792271703e-08
LB_Acc_X__std,8.444293687664834e-15,↓ H>O>N,4.216066554363479e-08
LB_FreeAcc_X__std,8.444293687664834e-15,↓ H>O>N,4.216066554363479e-08
RF_Gyr_Y__spec_power,9.885013063805597e-15,∨ valley-ortho,0.003121339878109563
HE_Acc_X__std,2.5670892770559793e-14,↓ H>O>N,1.122319277676869e-08
LF_Acc_Z__rms,3.09800697470217e-14,↓ H>O>N,0.0003350936923251036
LF_Acc_X__rms,3.697976741771365e-14,∨ valley-ortho,5.5190085822212945e-09
RF_Acc_Z__rms,5.929166268394546e-14,↓ H>O>N,4.929453550019601e-05
HE_Gyr_X__rms,5.954615106719091e-14,↓ H>O>N,4.4172099333145237e-07
RF_Acc_Y__mean,8.725574322166622e-14,∨ valley-ortho,6.789937447443461e-09
RF_Acc_Y__rms,1.0509360644879337e-13,↓ H>O>N,5.560990687976834e-06
LF_Gyr_Z__spec_power,1.0913830159007019e-13,∨ valley-ortho,0.02257917611766151
LF_FreeAcc_X__mean,1.1083308678268703e-13,∨ valley-ortho,2.796599995056909e-13
LF_Gyr_X__mean,1.458321135528856e-13,∧ peak-ortho,1.4549785324315354e-06
HE_Gyr_X__std,1.530394655899859e-13,↓ H>O>N,2.163207294210101e-06
RF_FreeAcc_Z__std,2.3523827778560814e-13,↓ H>O>N,3.3036457394189573e-07
RF_Acc_Z__std,2.3523827778560814e-13,↓ H>O>N,3.3036457394189573e-07
RF_FreeAcc_Z__rms,2.6615616785480585e-13,↓ H>O>N,2.804857645276043e-07
HE_Gyr_Z__rms,4.624106475040872e-13,↓ H>O>N,0.0007027154995977119
RF_Acc_X__rms,4.906377620192138e-13,∨ valley-ortho,2.8974862639336363e-09
HE_Gyr_Z__std,5.697822973404561e-13,↓ H>O>N,0.000946845962725647
HE_Acc_X__spec_centroid_hz,8.40137959969683e-13,∧ peak-ortho,1.1900097997473373e-09
LF_Gyr_Y__std,8.936153018647253e-13,∨ valley-ortho,1.1421111926387585e-09
LF_Gyr_Y__rms,9.549398828994738e-13,∨ valley-ortho,1.127158785576565e-09
LF_FreeAcc_Y__std,2.604618818197566e-12,↓ H>O>N,1.214681056183786e-05
LF_Acc_Y__std,2.604618818197566e-12,↓ H>O>N,1.214681056183786e-05
LF_Gyr_Y__spec_power,4.1789391962294195e-12,∨ valley-ortho,4.853537086082431e-05
LF_FreeAcc_Y__rms,5.5764701671871794e-12,↓ H>O>N,9.622637930880455e-06
LB_FreeAcc_Z__std,7.423742086156265e-12,↓ H>O>N,1.1054055163755586e-07
LB_Acc_Z__std,7.423742086156265e-12,↓ H>O>N,1.1054055163755586e-07
LB_Gyr_Y__rms,8.50459019477431e-12,∨ valley-ortho,9.863019291716617e-10
LB_Gyr_Y__std,1.0669030217004809e-11,∨ valley-ortho,1.1695813581286956e-09
HE_Gyr_Z__spec_centroid_hz,1.340559281455348e-11,∨ valley-ortho,2.8781879058843277e-06
RF_Gyr_X__spec_power,2.231533354230866e-11,∨ valley-ortho,5.008038261481347e-05
LB_Gyr_X__spec_power,2.7870254059849837e-11,∨ valley-ortho,0.0001585439698872464
LF_FreeAcc_Z__dom_freq_hz,2.8276533150168795e-11,↓ H>O>N,0.011444844016832613
LF_Acc_Z__dom_freq_hz,2.8276533150168795e-11,↓ H>O>N,0.011444844016832613
LB_FreeAcc_Y__dom_freq_hz,1.3805809345156546e-10,∨ valley-ortho,5.859484334337797e-05
LB_Acc_Y__dom_freq_hz,1.3805809345156546e-10,∨ valley-ortho,5.859484334337797e-05
LB_Gyr_X__rms,1.9638385099672388e-10,∨ valley-ortho,1.684256235225317e-07
RF_Gyr_Z__rms,2.2988388600010383e-10,↓ H>O>N,5.501890210105928e-05
LB_Acc_X__rms,2.5749122816210886e-10,↓ H>O>N,0.026652489150299982
RF_Gyr_Y__std,3.297786620160192e-10,∨ valley-ortho,6.391173314196395e-10
RF_Gyr_Y__rms,3.2981986140275873e-10,∨ valley-ortho,6.133780772635313e-10
RF_Gyr_Z__std,3.616320237191007e-10,↓ H>O>N,7.266119200611373e-05
LB_Gyr_X__std,5.658961220300408e-10,∨ valley-ortho,2.223073316709091e-07
LB_Acc_Y__std,7.189268988139007e-10,↓ H>O>N,0.0017414896093597358
LB_FreeAcc_Y__std,7.189268988139007e-10,↓ H>O>N,0.0017414896093597358
LB_Acc_X__mean,2.1530342706691516e-09,↓ H>O>N,0.022271403553636753
HE_FreeAcc_Y__std,2.2534188402365415e-09,↓ H>O>N,0.00024150511787655713
RF_Acc_Z__mean,2.3949599645557295e-09,↓ H>O>N,0.0007650294320498447
LB_FreeAcc_Z__rms,5.1960218892074885e-09,↓ H>O>N,2.0617605623618e-05
HE_Gyr_Y__std,7.128383664783969e-09,∨ valley-ortho,6.886667407626308e-05
RF_Gyr_Z__mean,8.070610292297512e-09,∧ peak-ortho,6.982064888746488e-05
LB_Gyr_Z__std,8.339755546477539e-09,∨ valley-ortho,1.1792651148773607e-10
LB_Gyr_Z__rms,1.152196005724636e-08,∨ valley-ortho,1.2235422964102375e-10
HE_Acc_Z__rms,1.1624157836066935e-08,↓ H>O>N,0.00038947050558684653
HE_Gyr_Y__rms,1.7726343727727992e-08,∨ valley-ortho,4.0749826058714005e-05
RF_Gyr_X__rms,2.944792753555768e-08,∨ valley-ortho,5.918309447285381e-07
HE_Gyr_Y__spec_centroid_hz,3.4702964102531523e-08,↑ H<O<N,5.177941789290662e-05
RF_Gyr_X__std,3.996264692442856e-08,∨ valley-ortho,7.049010228275394e-07
LF_Gyr_X__rms,1.0995169664278041e-07,∨ valley-ortho,1.6238775631657316e-08
LB_Gyr_X__mean,1.669968327406765e-07,∧ peak-ortho,0.0005931669565847012
RF_FreeAcc_Y__mean,1.7201535881573937e-07,↑ H<O<N,0.00022716940480588946
LF_Acc_X__mean,1.7505930536565272e-07,∨ valley-ortho,7.5238177814830196e-06
LF_Gyr_X__std,1.865565849949687e-07,∨ valley-ortho,1.726070906222845e-08
RF_FreeAcc_Z__mean,2.527004073941656e-07,↓ H>O>N,0.006198752582140579
HE_Gyr_X__mean,2.657377139384395e-07,↓ H>O>N,0.0008876048173455595
HE_Gyr_X__dom_freq_hz,2.742865448287529e-07,↓ H>O>N,2.5632435162191286e-05
HE_FreeAcc_X__mean,2.8435129062520777e-07,∧ peak-ortho,7.085162415827577e-06
HE_FreeAcc_Y__rms,3.290322728835286e-07,∨ valley-ortho,0.00040134023931590024
LB_FreeAcc_Y__rms,3.41060286691865e-07,↓ H>O>N,0.0018991943169479083
HE_Acc_Z__std,3.7838413309177934e-07,↓ H>O>N,0.006683710648999064
HE_FreeAcc_Z__std,3.7838413309177934e-07,↓ H>O>N,0.006683710648999064
HE_Acc_Z__mean,3.9725792204362366e-07,∧ peak-ortho,0.01401087697600135
stride_absAI,4.471921128168871e-07,↓ H>O>N,0.09153359830330879
LF_Acc_Z__mean,4.7080378235899555e-07,↓ H>O>N,0.012031824208193482
LB_Acc_Z__dom_freq_hz,4.890225577089224e-07,∨ valley-ortho,4.148825881410818e-12
LB_FreeAcc_Z__dom_freq_hz,4.890225577089224e-07,∨ valley-ortho,4.148825881410818e-12
HE_Acc_Y__spec_power,5.250784347657316e-07,↑ H<O<N,1.843334853944363e-18
LB_Gyr_Y__spec_centroid_hz,6.566846814245504e-07,∨ valley-ortho,1.8642796716838363e-08
HE_FreeAcc_X__spec_power,7.461563298100177e-07,∨ valley-ortho,1.3382163733093322e-11
LF_Acc_Y__rms,9.038609333432178e-07,∨ valley-ortho,0.0004543203289541323
stride_abs_diff,9.757401782808256e-07,↓ H>O>N,0.2716901622931416
RF_Acc_X__mean,1.5063918969317266e-06,∨ valley-ortho,1.9981569205478543e-06
HE_Acc_X__mean,1.9931517923927364e-06,↑ H<O<N,0.0031597002867381134
LB_Gyr_Y__dom_freq_hz,2.483028668513412e-06,∨ valley-ortho,5.119205169112715e-05
RF_Gyr_Z__spec_centroid_hz,4.7062335032397375e-06,↑ H<O<N,0.5206818964784303
LB_Gyr_Z__dom_freq_hz,6.74629825025603e-06,∨ valley-ortho,0.002353841020062188
LB_Acc_Z__spec_power,2.3552922183784726e-05,∨ valley-ortho,1.295996024939137e-09
LB_FreeAcc_Z__spec_power,2.3552922183784726e-05,∨ valley-ortho,1.295996024939137e-09
LF_Gyr_Z__rms,2.4121294059978514e-05,∨ valley-ortho,3.7601293085345566e-07
LF_Gyr_Z__std,2.7626751170271915e-05,∨ valley-ortho,4.7454476677840156e-07
HE_Gyr_X__spec_power,3.148993818995636e-05,∨ valley-ortho,0.0004382807343941461
LB_Gyr_Y__mean,6.877685873573429e-05,∧ peak-ortho,0.0002157605255083099
HE_FreeAcc_X__rms,0.00014687109118720817,↓ H>O>N,0.13420662206266198
LB_Gyr_X__spec_centroid_hz,0.00025765565993339897,∨ valley-ortho,0.025121097692615533
LF_Gyr_Z__spec_centroid_hz,0.00028285835965400003,↑ H<O<N,0.2977040869335599
HE_Acc_X__dom_freq_hz,0.0003160445558765748,∨ valley-ortho,4.036988779696591e-07
LF_FreeAcc_Y__mean,0.00039548887620781105,∧ peak-ortho,0.0016332924216812224
LB_Gyr_Z__spec_centroid_hz,0.0005590587202708174,∨ valley-ortho,0.00017441499586930956
HE_Acc_X__rms,0.0006521939292523515,∨ valley-ortho,0.004381750238556961
HE_Acc_X__spec_power,0.0008951912186265722,∨ valley-ortho,9.05064654788103e-12
step_absAI,0.0012867961042865403,∨ valley-ortho,0.0014930380949023465
LF_Acc_X__dom_freq_hz,0.0013997444010894308,∨ valley-ortho,2.0853972342558382e-08
LF_FreeAcc_X__dom_freq_hz,0.0013997444010894308,∨ valley-ortho,2.0853972342558382e-08
RF_FreeAcc_X__dom_freq_hz,0.0015091826578687532,∨ valley-ortho,0.025393349116353783
RF_Acc_X__dom_freq_hz,0.0015091826578687532,∨ valley-ortho,0.025393349116353783
LF_Gyr_Z__mean,0.0015527777617590503,↓ H>O>N,0.06244439443264683
step_abs_diff,0.0018027046941217208,∨ valley-ortho,0.004154107794576928
LB_Acc_Y__rms,0.001998835679868639,↓ H>O>N,0.26620307340933763
LB_Gyr_Z__mean,0.0021624294942620146,∧ peak-ortho,0.06955806769302476
LF_Gyr_Y__dom_freq_hz,0.0022226276794777727,↓ H>O>N,0.22354010922225115
LF_FreeAcc_Z__mean,0.002600228303079603,↓ H>O>N,0.40094261915106594
HE_Acc_Z__dom_freq_hz,0.0030537620627149186,∨ valley-ortho,3.8391030928580994e-06
HE_FreeAcc_Z__dom_freq_hz,0.0030537620627149186,∨ valley-ortho,3.8391030928580994e-06
HE_FreeAcc_X__std,0.0031592547583324045,∨ valley-ortho,0.09658575715466947
RF_Gyr_Z__spec_power,0.003300886267965904,∨ valley-ortho,0.0023005901904053563
HE_FreeAcc_Z__rms,0.006940180539510352,↓ H>O>N,0.01547768309616267
HE_Gyr_Z__mean,0.006946733666100764,∧ peak-ortho,0.04267286434202932
LB_Acc_Y__mean,0.007627741636810547,∧ peak-ortho,0.11581270240664278
RF_Gyr_Y__dom_freq_hz,0.007885621748664359,↓ H>O>N,0.42891323157543615
LF_FreeAcc_Y__spec_power,0.008370031733122243,∨ valley-ortho,1.198556432500095e-07
LF_Acc_Y__spec_power,0.008370031733122243,∨ valley-ortho,1.198556432500095e-07
stride_AI,0.013713322206656858,↓ H>O>N,0.5683201995273369
LB_Acc_X__spec_power,0.013803865906826486,∨ valley-ortho,2.4963820787791125e-08
LB_FreeAcc_X__spec_power,0.013803865906826486,∨ valley-ortho,2.4963820787791125e-08
HE_Gyr_Z__dom_freq_hz,0.014194566174076424,∨ valley-ortho,0.002648952055886362
LF_FreeAcc_Y__dom_freq_hz,0.016970684256432,↓ H>O>N,0.6206907828100705
LF_Acc_Y__dom_freq_hz,0.016970684256432,↓ H>O>N,0.6206907828100705
HE_Acc_Y__mean,0.017329283999286443,∨ valley-ortho,0.2032975221175326
stride_CV_r,0.01793165612710057,∧ peak-ortho,0.021074156867675234
RF_FreeAcc_Z__spec_power,0.018294643926152144,∨ valley-ortho,0.001046554513649951
RF_Acc_Z__spec_power,0.018294643926152144,∨ valley-ortho,0.001046554513649951
HE_Gyr_Y__dom_freq_hz,0.022706983366476353,∨ valley-ortho,0.008845940509167212
LB_FreeAcc_Y__spec_power,0.028161265264034372,↑ H<O<N,5.920682700400144e-20
LB_Acc_Y__spec_power,0.028161265264034372,↑ H<O<N,5.920682700400144e-20
stride_CV_l,0.029804775747821772,∧ peak-ortho,0.06707445544003861
HE_Gyr_Y__spec_power,0.0320862954403891,∨ valley-ortho,8.430992307340946e-16
LF_Gyr_Y__mean,0.042672550527184265,↑ H<O<N,0.16635536267935747
HE_Gyr_Y__mean,0.06173899588228049,∨ valley-ortho,0.07386640194917646
LB_FreeAcc_Z__mean,0.06604711847898491,∧ peak-ortho,0.0464564840855293
HE_FreeAcc_Z__mean,0.06699116993035228,∨ valley-ortho,0.0033836542609543057
step_CV_r,0.06752853494050262,∨ valley-ortho,0.0010599231666914718
mean_step_time,0.07002050069286116,∧ peak-ortho,0.047378407437330974
LF_Acc_X__spec_power,0.07398329767638616,∨ valley-ortho,5.20433765239358e-12
LF_FreeAcc_X__spec_power,0.07398329767638616,∨ valley-ortho,5.20433765239358e-12
step_CV_l,0.07891268474634079,∨ valley-ortho,0.016369987412355628
HE_FreeAcc_Y__mean,0.0797702815534217,∨ valley-ortho,0.043091787125931355
HE_Acc_Y__dom_freq_hz,0.08075267320345274,∨ valley-ortho,0.00608850354524104
LF_Acc_Z__spec_power,0.08599362593227929,↓ H>O>N,1.3014142300466192e-14
LF_FreeAcc_Z__spec_power,0.08599362593227929,↓ H>O>N,1.3014142300466192e-14
LB_Acc_X__dom_freq_hz,0.09724468568297175,∨ valley-ortho,0.11025699325861966
LB_FreeAcc_X__dom_freq_hz,0.09724468568297175,∨ valley-ortho,0.11025699325861966
LF_Gyr_X__spec_centroid_hz,0.10065943695051915,∨ valley-ortho,0.3277392607979618
HE_Acc_Y__std,0.12091514824946173,↓ H>O>N,0.9081556890212461
RF_Acc_Y__spec_power,0.12435073492836991,↓ H>O>N,9.799255086169174e-10
RF_FreeAcc_Y__spec_power,0.12435073492836991,↓ H>O>N,9.799255086169174e-10
LF_Gyr_Y__spec_centroid_hz,0.1259372596388886,↑ H<O<N,0.7141845901787336
LF_Gyr_X__dom_freq_hz,0.13745164661396894,∨ valley-ortho,0.23483367431902089
RF_Gyr_Z__dom_freq_hz,0.13961592513913404,↓ H>O>N,0.20137972587775158
HE_Acc_Z__spec_power,0.1575462871158716,∧ peak-ortho,8.796225859096535e-27
HE_FreeAcc_Z__spec_power,0.1575462871158716,∧ peak-ortho,8.796225859096535e-27
RF_Gyr_Y__spec_centroid_hz,0.1857385464327945,∨ valley-ortho,0.3371349374585401
HE_Acc_Y__spec_centroid_hz,0.26136230794060406,∧ peak-ortho,0.2198950441841966
RF_Gyr_X__spec_centroid_hz,0.2832448315660481,↑ H<O<N,0.4457442383094383
HE_Gyr_X__spec_centroid_hz,0.30807984043486536,↑ H<O<N,0.005177792625077669
step_AI,0.3322984555547494,↓ H>O>N,0.6931876374852786
HE_Acc_Y__rms,0.33595304846539,∧ peak-ortho,0.6712408876028472
RF_Gyr_X__mean,0.38076282117324645,∨ valley-ortho,0.47439073247036356
HE_FreeAcc_Y__spec_power,0.38897522241426125,∨ valley-ortho,4.080633527952673e-16
RF_Acc_X__spec_power,0.3929820430311185,∨ valley-ortho,0.00015915689061955354
RF_FreeAcc_X__spec_power,0.3929820430311185,∨ valley-ortho,0.00015915689061955354
LB_FreeAcc_X__mean,0.5032382124247454,↓ H>O>N,0.5012750604355984
LF_Gyr_Z__dom_freq_hz,0.5490018111009185,∨ valley-ortho,0.6001698841336631
RF_FreeAcc_Y__dom_freq_hz,0.5593393167499872,∧ peak-ortho,0.4560564048163971
RF_Acc_Y__dom_freq_hz,0.5593393167499872,∧ peak-ortho,0.4560564048163971
RF_Gyr_Y__mean,0.5907404056837136,∧ peak-ortho,0.6872030216503945
RF_Gyr_X__dom_freq_hz,0.6514946681198588,∨ valley-ortho,0.5396266643100076
HE_Acc_Z__spec_centroid_hz,0.6578937303115553,↓ H>O>N,0.34840191786671953
HE_FreeAcc_Z__spec_centroid_hz,0.6578937303115553,↓ H>O>N,0.34840191786671953
LB_FreeAcc_Y__mean,0.7285954025682002,∧ peak-ortho,0.8691991077884851
LB_Acc_Z__rms,0.7664073624252646,∨ valley-ortho,0.5348617765957
LB_Gyr_X__dom_freq_hz,0.7982186189380046,∧ peak-ortho,0.13178342480433647
HE_Gyr_Z__spec_power,0.8471822982224642,∨ valley-ortho,1.6418546151122107e-15
LB_Acc_Z__mean,0.8658969299653788,∧ peak-ortho,0.7439556228726887
